ID,Preço da passagem,Espaço disponível é suficiente para os passageiros sentados ou em pé,Temperatura interna ,Tempo total de viagem  ,Frequência com que os veículos passam ao longo dia ,Velocidade dos veículos  ,Segurança dentro dos veículos e nos pontos de ônibus/estações ,"Informação de linhas, horários e itinerários  ",Locais atendidos pelo transporte público ,Confiabilidade nos horários ,Facilidade de entrada e saída dos veículos e/ou estações e pontos de ônibus  ,Limpeza dentro do veículo e nos pontos de ônibus e estações,Qual a forma que você faz a maioria das viagens?,Você tem carteira de motorista?,Você tem veículo próprio?,Você costuma usar o transporte público em quais dias?,Como você define sua frequência de uso do transporte público?,"Quantas passagens você usa por dia em suas viagens no transporte público?
",Qual o meio de pagamento você utiliza para pagar pelo transporte?,Qual a principal razão dos seus deslocamentos diários?,Quanto tempo você gasta por dia com transporte?,"Qual a principal razão pela qual você preferiria utilizar outro meio de transporte ao invés do transporte público?

",Eu gostaria de ganhar pontos ou créditos para trocar por produtos e serviços,Eu gostaria de poder usar qualquer veículo do transporte público de forma ilimitada,Eu gostaria de poder realizar uma compra antecipada por passagens ilimitadas no transporte público (pré-pago),Eu gostaria de poder realizar um pagamento depois de usar passagens ilimitadas no transporte público (pós-pago),Eu gostaria de ter a opção de pagar um valor diário por passagens ilimitadas no transporte público,Eu gostaria de ter a opção de pagar um valor mensal por passagens ilimitadas no transporte público,Eu gostaria de ter a opção de pagar um valor anual por passagens ilimitadas no transporte público,Eu gostaria de receber um valor de volta por quilômetro viajado no transporte público ,Eu gostaria de receber desconto na passagem por viajar em horários fora de pico,"Se eu ganhasse pontos para trocar por produtos e serviços, usaria mais o transporte público ","Se eu pudesse pagar por dia para ter passagens ilimitadas, usaria mais transporte público","Se eu pudesse pagar por mês para ter passagens ilimitadas, usaria mais transporte público ","Se eu pudesse pagar por ano para ter passagens ilimitadas, usaria mais transporte público ","Se eu recebesse um valor em troca por quilometro viajado, usaria mais o transporte público ","Se ganhasse desconto na passagem por viajar em horários fora de pico, usaria mais o transporte público ",Eu aceitaria participar se ganhasse 10 pontos para trocar por produtos e serviços por utilizar o transporte público,Eu aceitaria pagar até 10 reais por dia para ter viagens ilimitadas nesse mesmo dia no transporte público,Eu aceitaria pagar de 10 a 20 reais por dia para ter viagens ilimitadas nesse mesmo dia no transporte público,Eu aceitaria pagar entre 150 e 200 reais mensais para ter viagens ilimitadas em um mês no transporte público,Eu aceitaria pagar entre 200 e 300 reais mensais para ter viagens ilimitadas em um mês no transporte público,Eu aceitaria pagar de 800 a 1000 reais por ano para ter viagens ilimitadas em um ano no transporte público,Eu aceitaria pagar entre 1000 e 1200 reais por ano para ter viagens ilimitadas em um ano no transporte público,Eu aceitaria receber até 50 centavos por quilômetro percorrido no transporte público ,Eu aceitaria receber até 5 reais a cada 20 quilômetros percorridos no transporte público ,Eu aceitaria viajar em horários fora de pico se recebesse até 1 real de desconto na passagem,Eu aceitaria viajar em horários fora de pico se recebesse até 2 reais de desconto na passagem,Eu estou satisfeito com o serviço entregue pelo transporte público ,O serviço transporte Público correspondem às minhas expectativas,Considero que as minhas necessidades de deslocamento estão sendo atendidos pelo transporte público,Considero que o transporte público tem um bom custo benefício ,Considero que sou recompensado por usar o transporte público,Cartões,Aplicativos de celular,Qr Code,Bilhete impresso,Gênero ,Raça,Idade,"Nível de escolaridade
",Situação Profissional ,"Possui filhos?  (Insira o número, no caso de não possuir colocar o número zero)",Renda
1,2,1,3,1,4,1,4,4,4,2,4,3,4,0,0,2,1,0,1,1,1,0,5,5,5,5,5,5,5,5,5,0,0,0,0,0,0,1,1,2,0,2,1,1,1,1,1,1,2,1,2,4,1,1,3,3,3,1,1,2,3,4,0,1
2,1,1,3,1,1,1,2,4,4,2,5,4,0,0,0,2,5,0,1,4,4,4,5,5,5,5,5,5,5,5,5,0,0,0,0,0,0,0,4,4,1,2,2,2,1,1,1,1,1,1,1,1,1,1,2,3,3,0,3,0,3,2,2,2
3,3,4,3,2,3,4,3,3,3,4,3,4,2,0,0,2,4,1,5,4,0,4,5,4,4,4,5,5,5,4,5,1,1,1,1,1,1,0,0,4,0,0,4,4,4,4,4,4,2,2,2,2,2,1,3,3,3,1,3,2,3,2,2,4
4,3,2,4,4,4,3,2,5,4,5,3,3,3,0,0,2,6,2,1,4,1,0,3,5,1,4,5,5,5,2,5,2,0,0,0,2,2,2,1,1,1,1,1,1,2,1,1,1,3,4,4,3,3,1,2,3,3,1,1,2,3,0,3,3
5,1,1,1,1,1,1,1,1,1,1,1,1,2,0,0,2,4,0,2,4,1,0,1,1,1,1,4,5,3,2,5,3,3,3,3,3,3,3,3,3,3,3,3,3,3,3,3,3,1,1,1,1,1,1,3,3,3,1,3,2,3,2,0,4
6,1,1,1,3,3,1,1,5,3,3,3,2,4,0,0,2,1,2,1,1,5,2,3,4,4,4,4,4,4,1,4,1,1,1,1,3,1,0,0,3,0,3,0,3,0,0,0,0,1,1,1,1,1,2,2,2,2,0,3,0,3,4,0,1
7,2,2,4,1,3,3,3,2,2,3,3,2,4,0,0,2,1,0,4,1,2,4,4,2,3,2,4,4,4,4,2,1,1,4,4,4,4,4,4,4,4,4,4,4,4,4,4,4,3,3,3,3,3,4,1,1,3,1,1,0,4,4,0,1
8,2,3,3,3,3,4,2,4,4,2,3,3,4,0,0,2,1,0,1,1,1,0,5,5,3,5,5,5,5,5,5,0,4,0,0,0,0,1,4,4,4,2,1,4,1,1,1,1,3,3,4,3,3,1,4,4,4,1,3,0,3,4,0,1
9,1,1,4,2,4,2,2,5,5,1,4,3,4,0,0,2,1,0,5,1,4,4,5,5,5,5,5,5,5,5,5,4,1,1,1,0,1,0,0,2,0,2,0,2,1,1,0,1,2,2,2,2,1,2,2,0,4,0,3,0,3,4,0,1
10,1,1,3,1,1,1,1,4,2,1,4,2,4,0,0,2,1,2,1,4,2,0,5,5,5,5,5,5,5,5,5,0,0,0,0,0,0,1,1,1,1,1,1,1,1,1,1,1,1,1,1,1,1,2,2,2,2,0,1,2,4,2,0,3
11,1,1,5,2,1,4,4,5,5,5,5,4,0,0,0,2,6,4,4,4,4,4,5,5,3,3,5,5,5,5,5,0,0,4,4,0,4,1,1,3,1,3,3,3,1,1,1,1,1,1,4,1,1,1,1,0,3,1,3,2,3,2,2,4
12,1,1,5,2,1,4,4,5,2,5,5,4,2,0,0,2,0,1,2,4,0,9,5,3,3,3,3,3,3,5,5,0,4,4,4,0,4,1,3,3,3,3,3,3,1,1,4,4,3,3,3,3,3,4,2,4,4,1,3,2,3,2,4,3
13,1,1,1,1,1,1,1,1,5,1,1,1,4,0,0,2,1,0,5,1,4,0,5,5,5,5,5,5,5,5,5,0,0,0,0,0,0,1,1,1,1,1,1,1,1,1,1,1,1,1,1,1,1,2,1,3,0,0,1,0,3,4,0,1
14,1,1,4,2,4,2,1,5,5,2,5,4,4,0,0,2,1,0,1,1,4,6,5,5,5,5,5,5,5,5,5,0,0,0,0,0,0,1,1,2,2,1,1,2,1,1,1,1,1,1,1,1,1,2,2,2,2,0,3,0,3,2,0,1
15,1,1,1,1,1,1,1,4,3,2,4,3,4,0,0,2,1,0,5,4,1,5,5,5,5,5,5,5,5,5,5,0,0,0,0,0,0,1,1,1,1,1,1,1,1,1,1,1,1,1,4,4,1,2,0,0,2,1,3,2,1,2,3,2
16,1,1,4,1,4,4,4,4,4,1,5,4,4,0,0,2,4,0,3,3,1,5,5,3,3,3,3,3,3,5,3,0,4,4,4,0,4,1,3,3,3,3,3,3,1,1,3,3,4,4,4,4,4,2,3,3,3,1,1,6,2,0,5,2
17,1,1,4,1,1,1,1,4,4,1,4,4,4,0,0,2,5,3,1,4,4,0,5,5,5,5,5,5,5,5,5,0,0,0,0,0,0,1,1,1,1,1,1,1,1,1,1,1,1,1,1,1,1,2,1,0,2,0,3,0,1,2,0,1
18,1,1,3,3,1,3,1,1,4,1,4,3,4,0,0,2,1,0,1,4,0,0,5,5,5,5,5,5,5,5,5,0,0,0,0,0,0,1,1,3,1,3,1,3,1,1,1,1,1,1,4,3,1,2,2,2,2,0,3,0,1,2,0,1
19,1,1,1,1,1,1,1,1,1,1,1,1,4,0,0,2,1,0,5,1,4,6,5,5,5,5,5,5,5,5,5,0,0,0,0,0,0,1,1,2,2,2,2,2,1,1,1,1,1,1,5,4,1,2,2,2,2,0,1,0,1,2,2,1
20,1,1,4,4,4,4,1,4,4,2,4,4,0,0,0,2,4,0,1,2,0,8,5,5,5,5,5,5,5,5,5,0,0,0,0,0,0,1,1,3,3,3,3,3,1,1,1,1,1,1,1,1,1,2,2,2,2,0,3,7,1,4,0,1
21,1,1,3,3,2,2,1,4,4,2,5,5,4,0,0,2,1,0,5,4,4,0,5,5,5,5,5,5,5,5,5,0,0,0,0,0,0,1,1,3,1,3,1,3,1,1,1,1,1,1,4,4,1,2,2,2,2,0,3,0,3,2,2,1
22,1,1,1,1,1,1,1,1,1,1,1,1,4,0,0,2,1,0,5,4,4,8,5,5,5,5,5,5,5,5,5,0,0,0,0,0,0,1,1,2,2,2,2,2,1,1,1,1,1,1,1,1,1,2,0,3,2,0,1,2,1,2,3,2
23,1,1,1,1,1,1,1,1,1,1,1,1,4,0,0,2,1,0,5,1,2,6,5,5,5,5,5,5,5,5,5,0,0,0,0,0,0,1,1,2,1,2,1,2,1,1,1,1,1,1,1,1,1,2,2,2,2,0,3,0,3,4,0,1
24,1,1,4,1,1,1,1,5,4,2,5,4,3,0,0,2,4,0,2,4,5,5,3,3,3,3,3,3,3,3,3,0,0,3,3,0,3,1,3,3,3,3,3,3,1,1,3,3,3,3,3,3,3,2,2,3,2,1,3,0,2,2,4,3
25,3,3,3,3,3,3,3,3,3,3,3,3,2,0,0,2,0,1,2,4,5,8,5,5,5,5,5,5,5,5,5,0,0,0,0,0,0,1,3,3,3,3,3,3,1,1,3,3,3,3,3,3,3,2,2,2,2,1,1,2,1,2,2,2
26,1,1,4,2,2,2,1,5,4,2,4,3,2,0,0,2,0,1,2,4,4,0,5,3,3,3,5,2,2,5,1,0,2,2,2,0,2,1,1,2,2,2,2,2,1,1,2,2,1,1,1,1,1,2,2,3,2,0,3,2,3,2,0,3
27,1,2,4,1,2,2,1,5,4,2,5,4,4,0,0,2,1,0,5,4,1,6,5,5,5,5,5,5,5,5,5,0,0,0,0,0,0,1,1,1,1,1,1,1,1,1,1,1,1,1,4,1,1,2,2,0,2,0,3,0,1,2,2,1
28,1,2,3,1,2,2,1,5,4,2,5,4,4,0,0,2,1,0,5,4,4,6,5,5,5,5,5,5,5,5,5,0,0,0,0,0,0,1,1,1,1,1,1,1,1,1,1,1,1,1,1,1,1,2,2,0,4,0,1,2,1,2,0,2
29,1,1,1,1,1,1,1,1,1,1,1,1,3,0,0,2,0,1,2,4,4,5,5,2,2,2,2,2,2,5,2,0,2,2,2,0,2,1,0,3,3,3,3,3,1,1,3,3,1,1,1,1,1,2,2,2,2,1,3,2,1,2,3,2
30,3,3,3,3,3,3,3,3,3,3,3,3,2,0,0,2,0,1,2,4,1,0,5,3,3,3,3,3,3,5,3,0,4,4,4,0,4,1,4,4,4,4,4,4,1,1,4,4,1,1,1,1,1,4,4,4,4,1,3,2,3,2,0,4
31,1,1,1,1,1,1,1,1,1,1,1,1,4,0,0,2,1,2,5,4,1,6,5,5,5,5,5,5,5,5,5,0,0,0,0,0,0,1,1,1,1,1,1,1,1,1,1,1,1,1,1,1,1,2,2,0,4,0,1,0,3,2,0,2
32,1,1,1,1,1,1,1,5,4,1,5,1,4,0,0,2,1,0,5,4,1,0,5,5,5,5,5,5,5,5,5,0,0,0,0,0,0,1,1,1,1,1,1,1,1,1,1,1,1,1,1,1,1,2,2,2,2,0,3,2,1,2,0,2
33,1,1,4,1,3,1,1,5,4,1,5,4,3,0,0,2,0,1,2,4,4,0,5,5,5,5,5,5,5,5,5,0,0,0,0,0,0,1,1,3,1,3,1,3,1,1,1,3,1,1,1,1,1,2,2,0,0,1,3,2,2,2,3,2
34,1,1,1,1,1,1,1,1,1,1,1,1,2,0,0,2,0,1,0,4,1,6,5,5,1,1,5,5,5,5,1,0,3,3,3,0,3,1,1,3,3,3,3,3,1,1,3,3,1,1,1,1,1,2,2,2,2,0,1,0,3,4,0,1
35,1,1,1,1,1,1,1,1,1,1,1,1,4,0,0,2,1,0,5,4,1,6,5,5,5,5,5,5,5,5,5,0,0,0,0,0,0,1,1,3,1,3,3,3,1,1,1,1,1,1,1,1,1,2,2,2,2,0,3,0,1,2,0,2
36,1,1,4,1,4,1,1,5,4,1,4,2,0,0,0,2,0,4,0,4,1,7,5,5,3,3,3,3,3,5,5,0,3,3,3,0,0,1,1,3,3,3,3,3,1,1,4,4,1,1,1,1,1,2,2,2,2,1,3,2,1,5,3,3
37,1,1,1,1,1,1,1,1,1,1,1,1,4,0,0,2,1,0,5,1,1,8,5,5,5,5,5,5,5,5,5,0,0,0,0,0,0,1,1,1,1,1,1,1,1,1,1,1,1,1,1,1,1,2,2,2,2,0,1,0,3,3,0,1
38,1,1,1,1,1,1,1,5,4,1,5,4,4,0,0,2,1,2,5,4,2,0,5,5,5,5,5,5,5,5,5,0,0,0,0,0,0,1,1,3,1,3,3,3,1,1,1,1,1,1,1,1,1,2,1,3,4,0,3,0,3,3,0,2
39,1,1,1,1,1,1,1,5,4,1,5,4,4,0,0,2,1,0,5,1,1,6,5,5,5,5,5,5,5,5,5,0,0,0,0,0,0,1,1,2,1,2,1,3,1,1,1,1,1,1,5,1,1,2,2,2,2,0,3,0,3,4,0,1
40,1,1,4,1,1,1,1,5,3,2,5,4,4,0,0,2,1,0,5,1,4,5,5,5,5,5,5,5,5,5,5,0,0,0,0,0,0,1,1,3,3,3,3,3,1,1,1,1,1,1,1,1,1,2,2,3,4,0,1,7,1,4,0,6
41,1,1,1,1,1,1,1,1,1,1,1,1,3,0,0,2,0,1,0,4,5,0,5,5,5,5,5,5,5,5,5,0,0,0,0,0,0,1,1,1,1,1,1,1,1,1,1,1,1,1,1,1,1,2,2,3,3,1,3,2,1,5,3,2
42,1,1,1,1,1,1,1,1,1,1,1,1,2,0,0,2,0,1,0,4,1,8,5,5,5,5,5,5,5,5,5,0,0,0,0,0,0,1,1,3,1,3,1,3,1,1,1,1,1,1,1,1,1,2,2,3,3,1,3,0,1,2,0,2
43,1,1,1,1,1,1,1,1,1,1,1,1,2,0,0,2,0,1,0,4,1,8,5,5,5,5,5,5,5,5,5,0,0,0,0,0,0,1,1,3,1,3,1,3,1,1,3,3,1,1,1,1,1,2,2,3,3,1,1,0,3,2,0,2
44,1,1,3,1,1,1,1,5,4,1,4,4,4,0,0,2,1,0,5,4,1,0,5,5,5,5,5,5,5,5,5,0,0,2,2,0,0,1,1,3,1,3,1,3,1,1,1,1,1,1,1,1,1,2,0,3,2,0,3,3,1,2,0,2
45,1,1,2,1,1,1,1,4,2,1,5,5,4,0,0,2,1,0,1,4,1,6,5,5,5,5,5,5,5,5,5,0,0,0,0,0,0,1,1,0,1,0,1,0,1,1,1,1,1,1,1,1,1,2,1,0,2,0,3,3,1,2,3,3
46,1,1,4,1,3,3,1,5,4,1,4,3,3,2,1,3,0,1,2,4,1,3,5,5,1,1,1,1,1,5,1,0,4,4,4,0,3,1,3,3,3,3,3,3,1,1,3,3,1,1,1,1,1,2,2,3,2,1,1,1,2,2,2,3
47,1,4,5,1,4,2,1,4,4,4,4,4,4,1,0,2,1,0,1,4,2,3,5,5,5,5,5,5,5,5,5,0,0,0,0,0,0,1,0,0,0,0,0,0,1,1,1,1,1,1,1,1,1,2,2,2,2,1,3,1,3,2,0,2
48,1,2,3,1,4,2,1,5,1,4,4,2,4,0,0,2,1,3,1,1,1,6,5,5,5,5,5,5,5,5,5,0,0,0,0,0,0,1,1,1,1,1,1,1,1,1,1,1,1,1,4,1,1,2,2,4,4,0,3,1,3,4,0,1
49,1,1,3,1,3,1,1,3,3,2,4,2,4,1,0,2,1,0,1,4,2,0,4,4,4,4,4,4,4,4,4,1,1,1,1,1,1,0,0,0,0,0,0,0,0,0,0,0,2,2,2,2,2,1,1,1,1,0,3,1,1,2,5,2
50,1,1,1,1,1,1,1,1,1,1,1,1,2,1,1,4,0,1,0,4,1,3,4,4,4,4,4,4,4,4,4,0,0,0,0,0,0,1,1,3,3,3,3,3,1,1,1,1,1,1,1,1,1,2,2,3,3,1,1,3,1,2,2,4
51,1,1,1,1,1,1,1,4,5,2,4,4,4,3,0,2,1,0,5,4,2,0,5,5,5,5,5,5,5,5,5,0,0,0,0,0,0,1,1,2,1,2,1,2,1,1,1,1,1,1,4,1,1,2,0,3,4,1,1,3,1,2,2,2
52,2,2,2,2,2,2,2,2,2,2,2,2,4,0,0,2,1,0,5,1,2,6,4,4,4,4,4,4,4,4,4,0,0,0,0,0,0,0,2,4,2,3,3,3,1,1,0,0,3,3,3,3,3,2,0,3,4,0,3,1,3,4,0,6
53,1,2,4,1,2,3,1,5,4,2,3,3,4,1,0,2,1,2,5,4,1,3,5,5,5,5,3,3,3,5,4,0,0,0,0,0,0,1,1,1,1,1,1,1,1,1,1,1,2,2,4,2,1,2,2,2,2,0,3,3,1,2,0,2
54,1,1,1,1,1,1,1,1,1,1,1,1,2,3,1,4,0,1,0,4,4,0,5,5,5,5,5,5,5,5,5,0,0,0,0,0,0,0,0,4,4,4,4,4,1,1,0,0,1,1,1,1,1,1,1,3,4,1,1,3,3,2,3,3
55,1,1,4,1,1,1,1,5,5,2,5,5,4,1,0,2,1,0,5,4,1,3,5,5,5,5,5,5,5,5,5,0,0,0,0,0,0,1,1,4,2,0,2,2,1,1,1,1,1,2,2,1,1,2,2,2,2,0,1,1,3,4,0,1
56,2,2,2,2,2,2,2,2,2,2,2,2,4,0,0,2,1,3,1,4,2,0,4,4,4,4,4,4,4,5,4,1,4,4,4,0,4,1,1,4,2,3,3,3,1,1,0,0,2,2,2,2,2,1,1,0,4,0,3,3,1,2,3,2
57,1,1,4,1,1,1,1,5,5,5,5,5,4,0,0,2,1,0,5,4,1,6,5,5,5,5,5,5,5,5,5,0,0,0,0,0,0,1,1,2,2,2,2,2,1,1,4,4,1,1,1,1,1,2,3,3,3,0,3,1,3,2,0,2
58,1,2,5,1,2,2,1,5,4,2,5,4,4,0,0,2,1,0,5,1,4,6,4,4,4,4,4,4,4,4,4,1,1,1,1,1,1,0,0,0,0,0,0,0,0,0,0,0,2,2,2,2,2,1,0,0,0,0,1,1,3,4,2,1
59,1,1,1,1,1,1,1,1,1,1,1,1,0,0,0,4,0,1,0,2,0,3,1,1,1,1,1,1,1,1,1,3,3,3,3,3,3,3,3,3,3,3,3,3,3,3,3,3,1,1,1,1,1,2,2,0,3,1,1,3,3,2,3,4
60,1,1,1,1,1,1,1,1,1,1,1,1,2,3,1,3,0,1,2,4,1,0,1,1,1,1,1,1,1,1,1,3,3,3,3,3,3,3,3,3,3,3,3,3,3,3,3,3,1,1,1,1,1,2,2,4,4,1,1,1,2,5,2,3
61,2,2,2,2,2,2,2,4,4,2,4,4,4,0,0,2,1,0,5,4,1,0,5,5,5,5,5,5,5,5,5,0,0,0,0,0,0,1,1,4,4,4,4,4,1,1,4,4,1,1,1,1,1,2,1,0,4,1,3,1,1,2,0,2
62,1,1,1,1,1,1,1,1,1,1,1,1,2,3,1,4,0,1,0,4,1,8,4,4,4,4,4,4,4,4,4,1,1,1,1,1,1,1,0,0,0,0,0,0,1,1,1,1,1,1,1,1,1,2,2,2,2,0,1,1,3,4,0,3
63,1,2,3,2,3,1,1,5,4,1,4,3,4,0,0,2,1,0,5,1,4,6,5,5,5,5,5,5,5,5,5,0,0,0,0,0,0,1,1,2,2,3,3,3,1,1,1,1,1,1,5,1,1,2,2,0,1,0,3,8,3,4,0,6
64,1,1,1,1,1,1,1,1,1,1,1,1,2,3,1,4,0,1,0,4,1,0,1,1,1,1,1,1,1,1,1,3,3,3,3,3,3,3,3,3,3,3,3,3,3,3,3,3,1,1,1,1,1,2,2,3,3,1,1,3,1,2,3,4
65,1,2,4,1,2,1,1,4,3,2,4,2,4,1,0,2,1,0,5,4,2,6,5,5,5,5,5,5,5,5,5,0,0,0,0,0,0,1,1,1,1,1,1,1,1,1,1,1,1,1,1,1,1,2,2,2,2,0,3,1,1,2,4,2
66,1,2,2,1,2,2,1,2,2,2,2,2,4,0,0,2,1,2,1,4,3,3,5,5,5,5,5,5,5,5,5,0,0,0,0,0,0,1,1,1,1,1,1,1,1,1,1,1,1,1,1,1,1,2,0,3,1,0,1,4,1,0,5,3
67,1,1,1,1,1,1,1,1,1,1,1,1,2,1,1,4,0,1,0,4,5,7,5,5,2,1,1,1,1,5,4,0,3,3,3,0,3,1,3,3,3,3,3,3,1,1,3,3,1,1,1,1,1,2,2,2,2,1,3,4,2,5,3,3
68,1,2,2,1,2,2,1,2,2,2,2,2,4,0,0,2,1,2,1,1,2,6,5,5,5,5,5,5,5,5,5,0,0,0,0,0,0,1,1,1,1,1,1,1,1,1,1,1,1,1,1,1,1,2,1,3,3,0,1,1,3,4,2,2
69,2,2,5,2,2,2,2,5,5,3,5,5,4,0,0,2,0,0,5,4,1,3,5,5,5,5,5,5,5,5,5,0,0,0,0,0,0,1,1,1,1,1,1,1,1,1,1,1,2,2,5,2,1,2,2,2,2,0,1,1,3,4,0,2
70,1,1,1,1,1,1,1,1,1,1,1,1,0,0,0,1,0,1,0,2,0,6,5,5,5,5,5,5,5,5,5,0,0,0,0,0,0,1,3,3,3,3,3,3,1,1,0,0,1,1,1,1,1,2,2,3,1,0,3,1,3,2,0,4
71,1,1,3,1,1,1,1,5,4,2,5,5,4,0,0,2,6,0,3,3,1,3,5,5,5,5,5,5,5,5,5,0,0,0,0,0,0,1,1,1,1,1,1,1,1,1,1,1,5,5,5,5,5,2,3,3,2,0,3,5,1,0,5,2
72,1,1,1,1,1,1,1,1,1,1,1,1,0,1,0,1,4,1,0,2,0,6,5,5,5,5,5,5,5,5,5,0,0,0,0,0,0,1,0,3,1,3,1,3,1,1,0,0,1,1,1,1,1,2,2,2,2,1,1,1,3,2,0,4
73,2,2,2,2,2,2,2,4,4,4,4,4,4,0,0,2,1,2,5,4,2,3,5,5,5,5,5,5,5,5,5,0,0,0,0,0,0,1,0,2,3,3,3,3,1,1,1,1,1,1,1,1,1,2,2,3,3,0,3,3,1,2,0,1
74,1,1,1,1,1,1,1,1,1,1,1,1,4,2,0,2,5,0,2,4,2,3,5,5,5,5,5,5,5,5,5,1,1,1,1,1,1,1,1,2,2,2,2,2,1,1,1,1,1,1,5,1,1,2,2,2,2,1,3,1,2,1,3,1
75,1,1,1,1,1,1,1,1,1,1,1,1,4,0,0,2,1,0,1,4,2,3,5,5,5,5,5,5,5,5,5,0,0,0,0,0,0,1,1,1,1,1,1,1,1,1,1,1,2,2,5,4,1,2,2,3,3,2,3,3,2,1,0,6
76,1,1,1,1,1,1,1,1,1,1,1,1,3,2,1,4,0,1,2,4,5,8,1,1,1,1,1,1,1,1,1,3,3,3,3,3,3,3,3,3,3,3,3,3,3,3,3,3,1,1,1,1,1,3,3,3,3,1,1,1,1,5,3,3
77,1,1,1,1,1,1,1,5,5,5,5,5,4,0,0,2,1,2,5,1,3,3,5,5,5,5,5,5,5,5,5,0,0,0,0,0,0,1,1,1,1,1,1,1,1,1,1,1,1,1,1,1,1,2,2,2,2,0,3,1,3,4,0,2
78,1,1,1,1,1,1,1,1,1,1,1,1,4,1,0,2,1,0,5,4,2,3,5,5,5,5,5,5,5,5,5,0,0,0,0,0,0,1,1,1,1,1,1,1,1,1,1,1,5,5,5,5,5,2,0,3,0,0,0,3,3,2,0,2
79,1,1,1,1,1,1,1,1,1,1,1,1,1,0,0,0,4,1,2,0,0,0,5,5,5,5,5,5,5,5,5,0,0,0,0,0,0,1,1,1,1,1,1,1,1,1,1,1,1,1,1,1,1,2,2,2,2,1,1,1,1,2,0,2
80,1,1,1,1,1,1,1,4,4,4,4,4,4,0,0,2,1,0,5,4,2,3,5,5,5,5,5,5,5,5,5,0,0,0,0,0,0,1,1,1,1,1,1,1,1,1,1,1,3,3,4,1,1,2,2,0,2,0,3,3,1,2,0,2
81,1,1,5,1,1,1,1,5,5,5,5,5,4,0,0,2,6,0,3,3,4,6,5,5,5,5,5,5,5,5,5,0,0,0,0,0,0,1,3,3,3,3,3,3,1,1,1,1,5,5,5,5,5,2,3,3,3,0,1,5,2,0,3,3
82,1,4,4,1,2,1,1,5,4,3,5,4,4,0,0,2,5,0,3,3,1,3,5,5,5,5,5,5,5,5,5,0,0,0,0,0,0,1,3,3,3,3,3,3,1,1,3,3,1,1,5,5,5,2,3,3,2,0,3,5,2,0,4,2
83,1,1,1,1,1,1,1,1,1,1,1,1,4,0,0,2,1,0,5,4,2,0,5,5,5,5,5,5,5,5,5,0,0,0,0,0,0,1,1,1,1,1,1,1,1,1,1,1,1,1,1,1,1,2,2,0,2,0,3,3,2,2,3,2
84,1,1,1,1,1,1,1,1,1,1,1,1,4,0,0,2,1,0,5,4,2,3,5,5,5,5,5,5,5,5,5,0,0,0,0,0,0,1,1,3,1,3,1,3,1,1,1,1,1,2,3,2,1,2,1,3,4,1,3,3,2,2,3,2
85,1,1,4,1,1,1,1,5,4,1,5,5,4,0,0,2,1,0,5,4,2,0,5,5,5,5,5,5,5,5,5,0,0,0,0,0,0,1,1,3,1,3,1,3,1,1,1,1,1,1,1,1,1,2,2,3,0,1,1,1,1,2,2,3
86,1,2,5,1,2,2,1,5,4,2,4,4,4,0,0,2,1,0,1,1,1,6,5,5,5,5,5,5,5,5,5,0,0,3,3,0,0,1,1,1,1,1,1,1,1,1,1,1,1,1,1,1,1,2,2,2,2,0,3,1,1,4,0,2
87,1,1,1,1,1,1,1,1,1,1,1,1,4,1,0,2,1,0,5,4,2,3,5,5,5,5,5,5,5,5,5,0,0,0,0,0,0,1,1,0,0,0,0,0,1,1,0,0,2,2,2,2,2,2,1,0,1,0,1,1,3,4,2,2
88,1,1,1,1,1,1,1,1,1,1,1,1,2,3,1,4,0,1,0,4,1,0,5,5,5,5,5,5,5,5,5,0,0,0,0,0,0,1,1,1,1,1,1,1,1,1,1,1,1,1,1,1,1,2,2,2,2,1,1,3,1,2,3,3
89,1,1,1,1,1,1,1,1,1,1,1,1,2,1,1,4,0,1,2,4,1,8,5,5,4,4,5,5,5,5,5,0,0,0,0,0,0,1,1,3,3,3,3,3,1,1,2,2,1,1,1,1,1,2,2,2,2,1,3,3,2,2,4,3
90,1,1,1,1,1,1,1,1,1,1,1,1,2,1,1,4,0,1,0,4,2,3,5,5,1,1,1,1,1,5,1,0,0,3,3,0,3,1,1,3,3,3,3,3,1,1,3,3,1,1,1,1,1,2,2,3,3,1,3,1,3,4,0,2
91,2,2,2,2,2,2,2,2,2,2,2,2,2,3,1,4,0,1,0,4,5,8,5,5,5,5,5,5,5,5,5,0,0,0,0,0,0,1,1,1,1,1,1,1,1,1,1,1,1,1,1,1,1,2,0,3,2,0,1,3,3,2,3,4
92,1,1,1,1,1,1,1,1,1,1,1,1,2,1,1,4,0,1,0,4,5,0,5,5,5,5,5,5,5,5,5,3,3,3,3,3,3,1,1,3,3,3,3,3,1,1,3,3,1,1,1,1,1,2,2,3,3,1,3,1,2,2,4,3
93,1,1,1,1,1,1,1,1,1,1,1,1,4,0,0,2,1,0,5,1,2,6,5,5,5,5,5,5,5,5,5,0,0,0,0,0,0,1,1,0,0,0,0,0,1,1,1,1,1,1,1,1,1,2,2,3,3,0,3,3,1,2,0,2
94,1,1,1,1,1,1,1,1,1,1,1,1,4,1,1,2,4,0,4,4,0,0,5,5,5,5,5,5,5,5,5,0,0,0,0,0,0,1,1,1,1,1,1,1,1,1,1,1,1,5,1,1,1,2,2,2,2,0,1,3,3,4,3,3
95,1,1,5,1,1,1,1,5,5,2,5,5,4,0,0,2,1,0,5,4,1,6,5,5,5,5,5,5,5,5,5,0,0,0,0,0,0,1,1,1,1,1,1,1,1,1,1,1,1,1,1,1,1,2,1,1,2,0,3,1,2,2,0,2
96,1,1,1,1,1,1,1,1,1,1,1,1,2,1,1,4,0,1,2,4,4,0,1,1,1,1,1,1,1,1,1,3,3,3,3,3,3,3,3,3,3,3,3,3,3,3,3,3,1,1,1,1,1,2,2,2,2,0,1,3,3,2,4,4
97,1,1,4,1,1,1,1,4,4,4,4,4,4,0,0,2,1,0,1,4,2,3,5,5,5,5,5,5,5,5,5,0,0,0,0,0,0,1,1,1,1,1,1,1,1,1,1,1,1,1,1,1,1,2,2,2,2,1,3,1,3,4,0,6
98,1,1,1,1,1,1,1,1,1,1,1,1,4,0,0,2,1,0,5,1,2,0,5,5,5,5,5,5,5,5,5,0,0,0,0,0,0,1,1,1,1,1,1,1,1,1,1,1,1,1,1,1,1,2,2,2,2,0,3,8,1,4,0,6
99,1,4,4,1,4,1,1,5,5,2,5,5,4,0,0,2,1,2,5,1,3,3,5,5,5,5,5,5,5,5,5,0,0,0,0,0,0,1,1,1,1,1,1,1,1,1,1,1,2,2,2,2,2,2,2,2,2,0,1,8,1,4,0,6
100,1,1,1,1,1,1,1,1,1,1,1,1,4,0,0,2,1,0,1,1,1,8,5,5,5,5,5,5,5,5,5,0,0,0,0,0,0,1,1,1,1,1,1,1,1,1,1,1,1,1,1,1,1,2,2,2,2,1,3,8,1,4,0,6
101,1,3,3,2,2,2,1,5,4,3,4,4,0,0,0,1,0,1,0,4,4,0,5,5,5,5,5,5,5,5,5,0,0,0,0,0,0,1,1,1,1,1,1,1,1,1,1,1,1,1,1,1,1,2,2,2,2,1,1,1,3,4,0,3
102,1,1,1,1,1,1,1,1,1,1,1,1,2,3,1,4,0,1,0,4,5,0,5,5,5,5,5,5,5,5,5,0,0,0,0,0,0,1,1,4,4,4,4,4,1,1,4,4,1,1,1,1,1,2,2,2,2,1,3,3,2,5,4,3
103,1,1,1,1,1,1,1,1,1,1,1,1,4,0,0,2,1,0,1,1,2,8,5,5,5,5,5,5,5,5,5,0,0,0,0,0,0,1,1,1,1,1,1,1,1,1,1,1,1,1,1,1,1,2,2,2,2,0,3,8,1,4,2,6
104,1,1,5,1,1,1,1,5,1,1,2,2,4,1,0,2,5,0,3,3,1,0,5,5,3,3,3,3,3,5,3,0,4,4,4,0,4,1,4,4,4,4,4,4,1,1,4,4,1,4,1,1,1,2,3,3,3,0,1,5,2,0,3,2
105,1,1,1,1,1,1,1,1,1,1,1,1,1,0,0,4,0,1,2,1,0,8,5,5,5,5,5,5,5,5,5,0,0,0,0,0,0,1,1,1,1,1,1,1,1,1,1,1,1,1,1,1,1,2,2,3,3,0,3,8,1,4,0,1
106,1,4,4,1,1,1,1,4,3,2,5,4,4,4,1,2,1,0,5,4,1,6,5,5,5,5,5,5,5,5,5,0,0,0,0,0,0,1,1,1,1,1,1,1,1,1,1,1,1,1,1,1,1,2,0,0,0,1,3,3,1,2,0,1
107,2,2,2,2,2,2,2,2,2,2,2,2,4,0,0,2,1,0,5,4,2,3,5,5,5,5,5,5,5,5,5,0,0,0,0,0,0,1,1,0,0,0,0,0,1,1,1,1,1,1,1,1,1,2,2,2,2,0,1,1,3,2,3,2
108,1,1,1,1,1,1,1,1,1,1,1,1,0,0,0,4,0,1,0,2,4,0,1,1,1,1,1,1,1,1,1,3,3,3,3,3,3,3,3,3,3,3,3,3,3,3,3,3,1,1,1,1,1,2,2,3,3,0,1,3,4,2,2,4
109,1,1,5,1,1,1,1,5,5,1,5,2,4,0,0,2,1,0,1,1,2,6,5,5,5,5,5,5,5,5,5,0,0,0,0,0,0,1,1,3,1,3,1,3,1,1,1,1,1,1,1,1,1,2,2,3,3,0,2,3,3,4,0,2
110,1,1,1,1,1,1,1,1,1,1,1,1,2,3,1,4,0,1,2,4,1,7,5,5,5,5,5,5,5,5,5,0,0,0,0,0,0,1,1,4,4,4,4,4,1,1,4,4,1,1,1,1,1,2,2,2,2,1,3,4,1,5,2,4
111,1,2,4,1,1,1,1,5,4,2,4,2,0,0,0,0,4,0,2,0,0,7,5,5,5,5,5,5,5,5,5,0,0,0,0,0,0,1,1,1,1,1,1,1,1,1,1,1,1,1,1,1,1,1,0,3,2,0,3,4,2,1,5,6
112,1,1,1,1,1,1,1,1,1,1,1,1,4,0,0,2,1,0,5,4,2,1,5,5,5,5,5,5,5,5,5,0,0,0,0,0,0,1,1,1,1,1,1,1,1,1,1,1,2,2,2,2,2,2,2,3,3,0,3,1,1,2,2,1
113,1,1,1,1,1,1,1,1,1,1,1,1,4,0,0,2,1,0,5,1,2,6,5,5,5,5,5,5,5,5,5,0,0,0,0,0,0,1,1,1,1,1,1,1,1,1,1,1,1,1,1,1,1,2,2,2,2,0,1,3,1,1,3,1
114,1,1,5,1,3,3,1,5,5,5,5,5,4,1,0,2,1,2,1,1,3,3,5,5,5,5,5,5,5,5,5,0,0,0,0,0,0,1,1,1,1,1,1,1,1,1,1,1,1,5,5,1,1,2,3,3,3,0,3,1,3,4,0,2
115,1,4,4,1,1,1,1,4,4,2,4,4,4,2,0,2,6,0,5,3,4,7,5,5,5,5,5,5,5,5,5,0,0,0,0,0,0,1,1,1,1,1,1,1,1,1,1,1,1,1,1,1,1,2,3,3,2,0,1,4,2,1,4,1
116,1,1,1,1,1,1,1,1,1,1,1,1,1,0,0,2,1,0,1,1,0,8,5,5,5,5,5,5,5,5,5,0,0,0,0,0,0,1,3,3,3,3,3,3,1,1,1,1,1,1,1,1,1,2,2,2,2,1,3,8,1,4,0,6
117,1,3,5,1,3,1,1,5,4,3,5,3,4,0,0,2,6,0,3,3,4,3,5,5,5,5,5,5,5,5,5,0,0,0,0,0,0,1,1,1,1,1,1,1,1,1,1,1,1,1,5,1,1,2,3,3,2,1,1,5,2,0,3,2
118,1,1,1,1,1,1,1,1,1,1,1,1,2,0,0,2,4,0,3,3,1,0,5,5,5,5,5,5,5,5,5,0,0,0,0,0,0,1,1,1,1,1,1,1,1,1,1,1,5,5,5,5,5,2,0,3,1,1,3,5,1,0,4,2
119,1,1,1,1,1,1,1,1,1,1,1,1,4,0,0,2,5,0,3,3,1,3,5,5,5,5,5,5,5,5,5,0,0,0,0,0,0,1,4,4,4,4,4,4,1,1,4,4,1,1,1,1,1,2,3,3,3,0,3,5,1,0,3,2
120,1,5,5,1,5,1,1,5,5,5,5,5,4,1,0,2,6,0,3,3,1,0,5,5,5,5,5,5,5,5,5,0,0,0,0,0,0,1,4,4,4,4,4,4,1,1,4,4,1,5,5,1,5,2,0,3,1,0,3,5,2,1,0,2
121,1,1,1,1,1,1,1,1,1,1,1,1,0,0,0,4,0,1,0,4,0,3,5,5,5,5,5,5,5,5,5,0,0,0,0,0,0,1,1,1,1,1,1,1,1,1,1,1,1,1,1,1,1,2,2,2,2,1,1,1,3,1,0,6
122,1,1,1,1,1,1,1,1,1,1,1,1,3,2,1,4,0,1,2,4,1,3,5,5,5,5,5,5,5,5,5,0,0,0,0,0,0,1,1,1,1,1,1,1,1,1,1,1,1,1,1,1,1,2,2,2,2,1,3,3,2,5,2,3
123,1,5,5,1,1,1,1,5,1,1,5,1,3,3,1,4,0,1,2,1,1,3,5,5,5,5,5,5,5,5,5,0,0,0,0,0,0,1,1,1,1,1,1,1,1,1,1,1,1,1,1,1,1,2,2,2,2,0,3,3,2,2,0,1
124,1,1,1,1,1,1,1,1,1,1,1,1,4,0,0,2,1,2,5,4,3,3,5,5,5,5,5,5,5,5,5,0,0,0,0,0,0,1,1,1,1,1,1,1,1,1,1,1,1,1,1,1,1,2,2,2,2,1,3,3,1,1,2,6
125,1,1,1,1,1,1,1,4,4,1,4,1,4,1,0,2,1,0,5,4,2,3,5,5,5,5,5,5,5,5,5,0,0,0,0,0,0,1,1,1,1,1,1,1,1,1,1,1,2,2,4,2,2,2,2,0,2,0,3,3,1,2,0,2
126,1,1,1,1,1,1,1,1,1,1,1,1,4,0,0,2,1,0,1,1,1,0,5,5,5,5,5,5,5,5,5,0,0,0,0,0,0,1,1,1,1,1,1,1,1,1,1,1,5,5,5,5,5,2,2,3,2,0,3,1,3,2,2,2
127,1,1,1,1,1,1,1,1,1,1,1,1,4,0,0,2,1,2,1,1,3,3,5,5,5,5,5,5,5,5,5,0,0,0,0,0,0,1,1,1,1,1,1,1,1,1,1,1,1,1,1,1,1,2,2,2,2,0,1,1,3,4,0,2
128,1,4,4,1,2,2,1,5,5,2,5,4,2,1,1,4,0,1,0,4,5,0,5,5,3,3,3,3,3,5,3,0,0,2,2,0,2,1,2,2,2,2,2,2,1,1,2,2,1,1,1,1,1,2,2,3,3,1,3,3,2,5,3,3
129,1,1,1,1,1,1,1,1,1,1,1,1,4,0,0,2,6,0,3,3,1,6,5,5,5,5,5,5,5,5,5,0,0,0,0,0,0,1,1,1,1,1,1,1,1,1,1,1,1,1,1,1,1,2,3,3,3,0,3,5,2,0,4,3
130,2,2,2,2,2,2,2,2,2,2,2,2,4,0,0,2,6,0,5,1,1,6,5,5,5,5,5,5,5,5,5,0,0,0,0,0,0,1,1,1,1,1,1,1,1,1,1,1,1,1,1,1,1,2,2,2,2,0,3,8,1,4,0,6
131,1,1,1,1,1,1,1,1,1,1,1,1,4,0,0,2,1,0,5,1,2,6,5,5,5,5,5,5,5,5,5,0,0,0,0,0,0,1,1,1,1,1,1,1,1,1,1,1,1,1,1,1,1,2,2,3,4,0,3,1,1,1,2,1
132,1,4,4,1,1,1,1,5,5,2,4,4,0,3,0,4,0,1,0,2,0,6,5,5,5,5,5,5,5,5,5,0,0,0,0,0,0,1,1,1,1,1,1,1,1,1,1,1,1,1,1,1,1,2,2,2,2,0,3,1,1,2,0,3
133,1,1,1,1,1,1,1,1,1,1,1,1,0,0,0,2,1,0,1,4,4,0,5,5,5,5,5,5,5,5,5,0,0,0,0,0,0,1,1,1,1,1,1,1,1,1,1,1,5,5,5,5,5,2,2,3,2,1,3,3,1,1,0,1
134,1,1,1,1,1,1,1,1,1,1,1,1,4,4,1,4,0,1,2,4,5,8,5,5,5,5,5,5,5,5,5,0,0,0,0,0,0,1,1,1,1,1,1,1,1,1,1,1,1,1,1,1,1,2,3,3,2,1,3,4,2,2,4,2
135,1,1,1,1,1,1,1,1,1,1,1,1,0,0,0,4,0,1,0,4,0,3,5,5,5,5,5,5,5,5,5,0,0,0,0,0,0,1,1,1,1,1,1,1,1,1,1,1,1,1,1,1,1,2,3,3,2,0,3,3,1,2,0,2
136,1,1,1,1,1,1,1,1,1,1,1,1,2,3,1,4,0,1,0,4,0,8,1,1,1,1,1,1,1,1,1,3,3,3,3,3,3,3,3,3,3,3,3,3,3,3,3,3,1,1,1,1,1,2,2,3,4,1,3,4,2,5,3,3
137,1,2,4,1,2,2,1,5,3,2,4,3,4,0,0,2,1,0,1,4,1,6,5,5,5,5,5,5,5,5,5,0,0,0,0,0,0,1,1,1,1,1,1,1,1,1,1,1,1,1,1,1,1,2,2,3,3,0,3,1,0,2,0,2
138,1,1,1,1,1,1,1,1,1,1,1,1,4,1,0,2,1,0,5,1,2,3,5,5,5,5,5,5,5,5,5,0,0,0,0,0,0,1,1,1,1,1,1,1,1,1,1,1,1,1,1,1,1,2,2,2,2,0,3,1,3,4,0,6
139,1,1,1,1,1,1,1,1,1,1,1,1,4,0,0,2,1,0,1,4,1,0,5,5,5,5,5,5,5,5,5,0,0,0,0,0,0,1,1,1,1,1,1,1,1,1,1,1,2,2,2,2,2,2,2,2,2,0,3,3,2,2,3,1
140,1,1,1,1,1,1,1,1,1,1,1,1,0,0,0,0,4,1,2,2,0,7,5,5,5,5,5,5,5,5,5,0,0,0,0,0,0,1,1,1,1,1,1,1,1,1,1,1,1,1,1,1,1,2,2,2,2,0,1,3,3,4,0,3
141,1,1,1,1,1,1,1,1,1,1,1,1,4,1,1,2,6,0,3,3,1,7,5,5,5,5,5,5,5,5,5,0,0,0,0,0,0,1,1,1,1,1,1,1,1,1,1,1,1,1,1,1,1,2,3,3,2,0,3,5,2,0,4,1
142,1,1,4,1,4,2,1,5,4,2,5,3,4,0,0,0,4,0,3,0,4,6,5,5,5,5,5,5,5,5,5,0,0,0,0,0,0,1,1,1,1,1,1,1,1,1,1,1,1,1,1,1,1,2,3,3,3,0,3,5,0,0,3,1
143,1,1,1,1,1,1,1,1,1,1,1,1,4,0,0,2,1,0,1,4,1,3,5,5,5,5,5,5,5,5,5,0,0,0,0,0,0,1,1,1,1,1,1,1,1,1,1,1,1,1,1,1,1,2,4,3,4,0,3,1,0,1,3,6
144,1,4,4,1,2,1,1,5,5,2,5,3,4,0,0,2,5,0,3,3,1,0,5,5,5,5,5,5,5,5,5,0,0,0,0,0,0,1,1,1,1,1,1,1,1,1,1,1,4,2,4,1,2,2,3,3,3,0,3,5,2,0,3,1
145,1,1,1,1,1,1,1,1,1,1,1,1,4,1,0,2,1,2,1,1,3,3,5,5,5,5,5,5,5,5,5,0,0,0,0,0,0,1,1,1,1,1,1,1,1,1,1,1,1,1,1,1,1,2,2,2,2,1,3,1,0,2,0,2
146,1,1,1,1,1,1,1,1,1,1,1,1,4,0,0,2,1,0,1,4,1,6,5,5,5,5,5,5,5,5,5,0,0,0,0,0,0,1,1,1,1,1,1,1,1,1,1,1,1,1,1,1,1,2,2,2,2,0,1,1,3,4,0,6
147,1,1,1,1,1,1,1,1,1,1,1,1,4,0,0,2,1,0,1,1,1,8,5,5,5,5,5,5,5,5,5,0,0,0,0,0,0,1,1,1,1,1,1,1,1,1,1,1,1,1,1,1,1,2,2,2,2,1,3,8,0,4,0,6
148,1,1,1,1,1,1,1,1,1,1,1,1,2,1,1,4,0,1,0,4,1,0,5,5,5,5,5,5,5,5,5,0,0,0,0,0,0,1,1,1,1,1,1,1,1,1,1,1,1,1,1,1,1,2,2,2,2,1,3,3,2,2,0,2
149,1,1,1,1,1,1,1,1,1,1,1,1,2,1,0,2,0,1,0,4,1,3,5,5,1,1,1,1,1,5,5,0,3,3,3,0,0,1,1,3,3,3,3,3,1,1,1,1,1,1,1,1,1,2,2,3,3,0,3,3,0,2,0,2
150,1,1,1,1,1,1,1,1,1,1,1,1,4,0,0,2,1,0,5,1,1,6,5,5,5,5,5,5,5,5,5,0,0,0,0,0,0,1,1,2,2,2,2,2,1,1,0,0,1,1,1,1,1,2,3,3,3,0,3,8,0,4,0,1
151,1,1,1,1,1,1,1,1,1,1,1,1,4,0,0,2,0,1,5,4,1,3,5,5,5,5,5,5,5,5,5,0,0,0,0,0,0,1,1,4,1,4,1,4,1,1,1,1,1,1,1,1,1,2,2,3,3,0,0,3,3,4,0,2
152,1,1,1,1,1,1,1,1,1,1,1,1,4,0,0,2,1,0,5,4,1,6,5,5,5,5,5,5,5,5,5,0,0,0,0,0,0,1,1,3,3,3,3,3,1,1,1,1,1,1,1,1,1,2,2,2,2,0,3,3,0,2,0,1
153,1,1,1,1,1,1,1,1,1,1,1,1,2,0,0,4,0,1,1,3,4,0,5,5,5,5,5,5,5,5,5,0,0,0,0,0,0,1,1,3,3,3,3,3,1,1,1,1,1,1,1,1,1,2,2,2,2,0,3,3,3,4,2,2
154,1,4,5,1,2,2,1,5,5,2,5,5,4,0,0,2,6,0,3,3,1,6,5,5,3,3,3,3,3,5,5,0,4,4,4,0,0,1,4,4,4,4,4,4,1,1,1,1,5,5,5,5,5,2,3,3,2,0,3,5,0,0,3,2
155,1,1,1,1,1,1,1,1,1,1,1,1,4,0,0,2,1,0,5,1,2,3,5,5,5,5,5,5,5,5,5,0,0,0,0,0,0,1,1,1,1,1,1,1,1,1,1,1,1,1,1,1,1,2,2,2,2,1,3,1,3,4,0,6
156,1,1,1,1,1,1,1,1,1,1,1,1,4,2,0,2,5,0,5,1,1,0,5,5,5,5,5,5,5,5,5,0,0,0,0,0,0,1,1,1,1,1,1,1,1,1,1,1,1,1,1,1,1,2,2,3,3,0,3,3,3,4,2,1
157,1,2,4,3,3,4,1,2,4,3,4,4,4,1,0,2,1,0,1,1,4,3,5,5,4,3,2,4,4,4,5,2,2,2,2,2,2,4,1,4,0,4,0,0,0,1,0,1,4,2,5,2,1,2,1,1,4,0,3,1,3,2,0,2
158,1,1,1,1,1,1,1,1,1,1,1,1,4,0,0,4,1,2,1,1,1,6,5,5,5,5,5,5,5,5,5,0,0,0,0,0,0,1,1,1,1,1,1,1,1,1,1,1,1,1,1,1,1,2,2,3,3,0,3,3,3,4,0,6
159,1,1,1,1,1,1,1,1,1,1,1,1,3,2,1,4,0,1,2,1,4,0,5,5,5,5,5,5,5,5,5,0,0,0,0,0,0,1,1,2,2,2,2,2,1,1,1,1,1,1,1,1,1,2,2,2,2,1,3,1,3,4,0,1
160,1,3,3,2,2,4,3,2,2,1,4,4,4,1,0,2,5,0,1,1,1,3,3,4,4,3,2,4,4,4,4,4,4,1,4,0,0,4,0,2,0,2,4,4,1,1,1,1,2,2,3,2,2,0,0,0,0,0,1,1,3,4,0,2
161,1,1,1,1,1,1,1,1,1,1,1,1,4,0,0,2,1,0,5,1,2,3,5,5,5,5,5,5,5,5,5,0,0,0,0,0,0,1,0,4,2,3,3,3,1,1,1,1,1,1,1,1,1,2,2,3,3,0,1,3,3,4,0,1
162,1,1,4,1,2,1,1,5,4,3,4,4,4,0,0,2,5,0,5,1,2,3,5,5,5,5,5,5,5,5,5,0,0,0,0,0,0,1,1,1,1,1,1,1,1,1,1,1,1,1,1,1,1,2,2,2,2,1,3,1,3,4,2,6
163,2,2,4,3,1,4,4,1,3,2,2,1,4,0,0,2,1,0,1,4,0,3,4,4,3,2,4,3,3,4,2,4,4,4,4,4,4,0,0,0,1,2,2,2,0,0,0,0,1,1,1,1,1,0,4,0,4,1,3,3,4,4,0,3
164,1,1,1,1,1,1,1,1,1,1,1,1,2,1,0,4,0,1,2,4,5,8,5,5,5,5,5,5,5,5,5,0,0,0,0,0,0,1,3,3,3,3,3,3,1,1,4,4,1,1,1,1,1,2,2,2,2,1,1,3,2,5,2,2
165,1,3,4,1,2,2,1,5,4,3,4,5,4,0,0,2,1,0,5,4,1,6,5,5,5,5,5,5,5,5,5,0,0,0,0,0,0,1,1,1,1,1,1,1,1,1,1,1,1,1,1,1,1,2,2,3,2,0,1,3,0,2,3,1
166,1,1,1,1,1,1,1,1,1,1,1,1,4,0,0,2,1,0,5,4,2,3,5,5,5,5,5,5,5,5,5,0,0,0,0,0,0,1,1,1,1,1,1,1,1,1,1,1,1,1,1,1,1,2,2,3,4,1,3,4,2,2,4,1
167,2,2,2,2,2,3,3,3,1,3,4,3,4,0,0,2,1,0,1,1,1,3,1,3,3,3,1,1,1,3,1,3,3,3,3,1,3,4,0,3,0,3,0,3,4,4,4,4,1,1,3,3,1,1,0,0,0,0,1,1,3,4,0,6
168,1,1,1,1,1,1,1,1,1,1,1,1,4,1,0,2,1,0,5,1,1,3,5,5,5,5,5,5,5,5,5,0,0,0,0,0,0,1,1,3,3,3,3,3,1,1,1,1,5,5,5,5,5,2,2,3,2,1,3,3,0,2,0,2
169,1,1,1,1,1,1,1,1,1,1,1,1,4,0,0,2,1,0,5,1,2,6,5,5,5,5,5,5,5,5,5,0,0,0,0,0,0,1,1,2,2,2,2,2,1,1,1,1,1,1,1,1,1,2,3,3,3,0,1,1,3,4,0,1
170,1,1,1,1,1,1,1,1,1,1,1,1,2,3,1,4,0,1,0,4,1,0,5,5,5,5,5,5,5,5,5,0,0,0,0,0,0,1,1,1,1,1,1,1,1,1,1,1,1,1,1,1,1,2,2,0,0,1,3,1,2,2,2,2
171,1,1,5,5,1,1,1,5,5,3,5,5,4,0,0,2,4,0,3,3,1,0,5,5,3,3,3,3,3,5,3,0,4,4,4,0,4,1,4,4,4,4,4,4,1,1,4,4,1,1,1,1,1,2,3,3,2,0,1,4,2,0,5,1
172,1,1,1,1,1,1,1,1,1,1,1,1,4,0,0,2,1,0,5,1,4,6,5,5,5,5,5,5,5,5,5,0,0,0,0,0,0,1,1,1,1,1,1,1,1,1,1,1,1,1,1,1,1,2,2,2,2,0,1,1,3,4,0,6
173,1,5,5,1,2,2,1,5,5,2,5,1,4,1,0,2,1,0,1,1,2,0,5,5,5,5,5,5,5,5,5,0,0,0,0,0,0,1,1,1,1,1,1,1,1,1,1,1,1,1,1,1,1,2,2,2,2,1,3,1,0,1,0,6
174,1,1,1,1,1,1,1,1,1,1,1,1,4,0,0,2,1,2,1,4,3,3,5,5,5,5,5,5,5,5,5,0,0,0,0,0,0,1,1,1,1,1,1,1,1,1,1,1,1,1,1,1,1,2,2,2,2,0,1,3,0,5,2,2
175,1,1,1,1,1,1,1,1,1,1,1,1,4,0,0,2,1,0,1,4,2,3,5,5,5,5,5,5,5,5,5,0,0,0,0,0,0,1,1,1,1,1,1,1,1,1,1,1,1,1,1,1,1,2,3,3,3,1,3,3,0,2,0,2
176,2,2,2,1,1,2,1,4,4,2,3,3,2,1,1,4,0,1,1,4,4,0,3,5,5,5,5,5,5,3,3,4,0,0,0,4,4,4,1,1,1,0,1,1,4,4,4,4,1,1,1,1,1,1,1,1,1,1,1,3,4,2,0,5
177,2,1,1,1,1,1,2,1,1,1,1,1,2,1,1,1,4,0,2,3,0,7,5,4,4,4,4,4,4,4,4,0,0,0,0,0,0,1,2,2,2,2,2,2,0,0,0,0,2,2,2,2,2,0,0,0,0,0,3,3,4,4,0,2
178,3,2,3,3,3,3,3,3,3,3,3,3,2,1,1,4,0,1,1,4,0,0,5,5,5,5,5,5,5,5,5,2,2,2,2,2,2,2,2,2,0,2,2,2,0,0,2,2,1,1,1,2,1,1,1,1,1,0,1,3,4,2,0,0
179,1,1,1,2,2,3,2,4,3,2,1,1,0,2,1,4,0,1,4,4,4,3,4,5,5,5,5,5,3,5,4,0,0,0,3,4,4,1,1,3,1,3,1,1,1,1,1,4,5,5,3,5,5,2,2,2,3,1,3,3,4,2,0,5
180,3,1,2,1,4,4,3,2,4,5,3,1,0,1,0,2,4,4,2,3,4,7,4,4,5,3,2,1,1,3,4,4,2,2,2,2,4,4,4,4,4,4,4,4,4,4,4,4,1,3,4,2,3,0,3,3,3,1,1,1,3,4,1,6
181,2,1,1,1,3,3,1,3,1,2,3,3,4,0,0,2,1,0,1,4,1,0,5,5,5,5,5,5,5,5,5,0,0,0,0,0,0,1,1,3,1,4,1,4,1,1,1,1,2,2,3,3,1,2,4,4,4,0,1,1,3,4,0,1
182,2,4,2,2,2,4,3,3,4,4,4,4,2,1,1,2,4,4,1,4,0,3,5,4,4,4,2,2,2,5,5,1,3,3,3,0,0,0,3,3,2,2,2,2,2,1,1,1,2,3,2,2,1,1,1,1,1,0,3,3,3,2,10,4
183,2,1,2,3,2,3,1,3,3,3,3,3,3,3,1,4,0,1,1,4,4,0,5,5,5,5,5,5,5,5,5,0,0,0,0,0,0,1,1,1,1,3,1,1,1,1,1,1,1,1,2,1,1,2,2,2,4,1,3,3,4,2,0,5
184,3,3,4,2,4,4,2,4,4,4,4,4,4,0,0,2,1,0,5,4,3,3,4,3,4,3,4,4,3,4,4,1,1,1,1,1,1,0,0,0,0,0,0,0,0,0,0,0,4,4,4,3,2,1,1,4,4,0,1,3,0,2,0,3
185,2,2,2,2,3,3,2,4,3,3,3,3,0,0,0,2,6,0,4,3,1,3,4,4,4,4,3,4,4,4,4,1,1,1,4,1,1,0,0,4,2,2,2,2,0,0,0,0,2,3,4,3,4,1,1,1,1,0,1,3,0,4,0,1
186,2,1,2,1,3,3,4,4,3,3,4,4,4,3,1,2,1,2,2,4,1,1,5,5,4,3,5,4,2,5,4,1,1,1,4,1,1,4,1,1,1,1,4,4,0,1,4,0,2,2,2,2,1,1,1,1,4,0,3,3,3,2,0,3
187,1,2,2,2,2,3,2,3,2,2,3,2,4,1,0,2,4,0,1,4,1,3,4,5,5,4,4,5,3,5,3,1,1,1,4,1,4,0,1,4,1,2,4,4,0,0,4,4,1,1,1,2,1,1,1,1,1,0,1,3,4,2,0,3
188,2,2,1,1,2,4,1,1,2,1,2,4,4,1,0,2,5,2,1,4,1,8,3,4,3,2,3,3,3,5,3,4,4,4,4,1,1,0,0,2,2,2,2,2,4,0,4,4,4,2,2,4,1,1,4,1,0,0,3,3,3,2,0,3
189,1,1,2,2,1,3,1,1,1,1,3,1,3,3,1,4,0,1,1,4,4,0,1,4,3,4,4,4,2,2,2,3,3,3,3,3,3,3,3,3,3,3,3,3,3,3,3,1,1,1,1,1,1,4,4,4,4,1,1,3,4,2,0,3
190,1,3,2,2,4,4,1,1,3,4,4,3,4,0,0,2,1,0,1,1,1,3,5,4,4,2,2,4,2,3,5,1,2,1,4,1,1,4,4,3,1,2,1,1,0,2,0,0,2,2,4,2,1,0,4,1,4,0,1,1,3,4,0,6
191,2,2,3,3,2,4,3,4,2,3,3,3,4,0,0,2,4,4,1,2,0,3,4,5,4,4,4,4,4,5,5,0,1,1,1,0,0,1,0,0,4,2,2,2,1,1,1,1,2,2,3,1,3,2,2,1,2,1,3,3,3,4,0,2
192,2,1,2,3,2,3,2,1,3,1,3,2,4,0,0,2,1,0,1,1,2,6,5,5,5,3,5,5,5,5,3,0,4,4,4,0,4,1,1,2,2,2,1,2,0,0,4,4,1,1,2,1,1,0,3,3,3,0,3,3,4,4,10,2
193,1,1,3,1,1,1,1,2,3,1,4,4,4,1,0,2,1,0,1,4,1,3,5,5,5,4,4,5,2,5,5,0,1,0,4,0,0,1,1,0,1,4,2,2,1,1,2,0,1,1,1,1,1,2,0,1,2,0,3,3,0,2,5,2
194,2,2,3,3,3,3,1,2,2,3,3,3,2,1,1,1,4,4,5,2,0,6,4,5,5,3,5,5,5,5,5,1,4,1,0,1,1,4,4,2,4,2,0,4,1,1,4,0,2,1,2,1,1,4,4,4,4,1,1,3,3,2,0,2
195,3,2,2,2,2,4,1,5,2,4,4,4,4,1,0,1,5,3,1,4,1,7,5,5,5,2,2,4,5,5,1,4,4,1,0,4,4,0,2,2,2,2,4,3,4,1,4,4,2,2,4,3,4,2,4,4,2,0,1,3,4,2,0,2
196,2,1,1,1,1,1,1,1,2,1,1,1,2,1,0,1,6,4,2,4,1,6,5,1,5,1,5,5,5,5,5,0,0,0,0,0,0,1,1,3,1,3,3,3,4,1,1,1,1,1,3,1,1,0,0,0,2,0,3,3,4,2,0,5
197,1,1,1,1,1,1,1,1,1,1,3,3,4,3,1,2,1,0,0,4,4,3,1,4,4,1,4,4,4,1,4,3,1,1,1,3,1,3,0,3,0,3,0,3,3,3,0,0,1,1,1,1,1,2,2,2,2,1,1,3,3,2,3,5
198,2,1,2,2,3,3,1,1,2,1,3,3,2,1,0,2,4,0,2,4,0,6,5,5,5,5,5,5,5,5,5,1,1,1,1,1,1,1,1,2,4,4,4,3,1,1,1,1,1,1,4,2,1,1,4,4,4,0,3,3,3,2,0,3
199,3,2,1,1,1,3,2,3,1,1,1,1,4,1,0,2,1,2,1,1,5,3,5,3,3,3,3,3,3,4,4,1,1,1,1,1,0,0,0,0,0,0,0,0,0,0,0,0,1,1,1,1,1,1,1,1,1,0,1,1,3,2,0,2
200,1,2,3,1,1,3,1,4,1,3,2,1,0,1,0,3,4,4,2,4,0,3,5,5,3,4,5,5,1,5,5,1,1,1,3,1,1,0,0,2,2,2,2,2,0,0,0,0,2,2,2,1,1,1,2,0,2,0,3,3,3,2,0,5
201,1,3,4,2,3,2,3,4,2,2,3,4,1,0,0,2,5,0,5,4,4,0,5,3,4,4,2,2,2,5,4,0,1,1,2,0,0,1,1,0,0,2,0,2,0,0,1,1,2,1,2,2,1,1,4,0,0,0,1,1,3,4,0,1
202,4,4,4,4,4,4,3,1,4,2,2,4,4,1,0,2,1,0,1,1,4,0,5,5,5,3,2,3,4,4,4,0,4,0,0,1,1,0,0,2,0,2,1,0,0,0,0,0,4,4,4,2,1,1,1,1,0,0,3,1,3,4,0,1
203,1,1,1,1,1,1,1,1,1,1,1,1,4,0,0,2,1,0,5,4,2,0,5,5,5,5,5,5,5,5,5,0,0,0,0,0,0,1,1,1,1,1,1,1,1,1,1,1,1,1,1,1,1,2,2,2,2,1,3,8,0,4,0,6
204,3,2,3,2,2,3,4,2,2,2,3,3,4,1,0,2,1,2,5,4,2,0,3,3,3,3,3,3,3,4,3,2,2,2,2,1,2,4,2,2,2,2,2,2,0,0,2,2,3,3,4,4,2,2,4,4,1,0,3,3,4,2,0,4
205,2,3,3,4,2,3,2,4,2,2,3,3,2,1,0,4,0,1,1,4,1,1,3,5,4,4,4,4,4,4,4,4,1,1,1,1,1,4,0,0,0,0,0,0,0,0,0,0,2,2,1,2,1,1,1,1,1,0,1,3,3,4,8,3
206,1,4,5,1,2,2,1,5,4,2,4,4,4,1,0,2,1,2,1,1,3,3,5,5,5,5,5,5,5,5,5,0,0,0,0,0,0,1,1,1,1,1,1,1,1,1,1,1,1,1,1,1,1,2,3,3,3,0,3,1,0,4,0,1
207,4,2,4,2,4,2,2,4,4,4,4,4,4,1,1,2,5,0,1,4,1,0,3,4,4,3,4,4,2,4,4,4,1,1,2,1,1,4,0,2,0,2,2,2,0,0,4,4,2,4,4,4,3,1,1,1,3,1,3,3,4,2,3,5
208,1,1,1,1,1,1,1,1,1,1,1,1,4,0,0,2,1,0,5,4,1,6,5,5,5,5,5,5,5,5,5,0,0,0,0,0,0,1,1,3,3,3,3,3,1,1,1,1,1,1,1,1,1,2,2,3,2,0,1,1,3,4,0,6
209,1,1,1,1,1,1,1,1,1,1,1,1,2,0,0,2,4,1,3,3,4,7,5,5,5,5,5,5,5,5,5,0,4,4,4,0,4,1,4,4,4,4,4,4,1,1,4,4,2,2,4,2,2,2,3,3,3,0,3,5,2,0,4,1
210,1,4,4,1,2,1,1,5,4,1,5,1,4,0,0,2,1,0,5,4,2,3,5,5,5,5,5,5,5,5,5,0,0,0,0,0,0,1,1,1,1,1,1,1,1,1,1,1,1,1,1,1,1,2,1,0,4,0,3,3,0,2,0,1
211,4,2,4,2,2,2,5,3,4,4,4,4,2,1,1,4,0,1,1,4,4,7,4,5,5,2,5,5,5,4,4,1,1,0,0,1,1,0,0,4,1,0,0,4,0,0,0,0,3,2,2,2,2,2,1,0,4,1,1,3,4,2,2,0
212,2,2,3,1,2,2,3,4,3,1,2,4,4,0,0,2,1,2,5,1,1,3,5,5,5,2,4,4,4,4,4,0,4,1,1,0,4,0,0,0,0,4,2,0,0,0,4,4,2,1,4,1,1,2,1,1,4,2,3,1,3,4,0,1
213,1,2,4,2,1,4,4,2,4,1,4,2,4,1,0,2,1,2,5,1,2,0,5,4,5,2,4,5,4,5,5,0,1,0,1,0,0,1,0,2,0,2,0,2,0,1,0,1,2,4,4,1,2,2,3,3,1,0,3,1,0,4,0,1
214,3,4,1,2,4,1,3,4,4,1,5,3,4,0,0,2,1,0,5,4,4,3,5,5,5,5,5,5,5,5,5,0,0,0,0,0,0,1,1,0,1,2,4,3,1,1,1,1,2,3,2,3,4,1,1,0,3,1,3,1,0,2,0,1
215,2,2,2,1,1,3,3,2,1,1,3,3,2,1,1,4,0,1,2,3,1,7,4,5,3,3,4,4,2,4,5,2,2,1,4,1,0,2,2,2,2,2,2,2,4,4,0,0,1,1,1,1,1,0,3,3,3,0,3,3,4,2,0,4
216,4,4,1,3,4,3,4,4,2,4,4,3,4,1,1,2,6,3,5,4,1,0,4,4,3,4,2,3,3,4,4,1,2,4,4,1,1,4,0,2,0,4,2,3,1,1,0,0,3,3,2,4,4,0,4,0,1,1,1,3,4,2,0,5
217,1,4,4,1,1,1,1,5,4,1,4,4,4,0,0,2,6,0,1,4,2,0,5,5,5,5,5,5,5,5,5,0,0,0,0,0,0,1,1,1,1,1,1,1,1,1,1,1,1,1,1,1,1,2,2,0,2,0,3,1,0,2,0,1
218,2,2,2,2,2,2,2,2,2,2,2,2,2,1,1,4,0,1,0,4,4,6,5,5,5,5,5,5,5,5,5,0,0,0,0,0,0,1,1,1,1,1,1,1,1,1,1,1,1,1,1,1,1,2,2,2,2,0,1,3,3,2,3,3
219,1,4,4,1,1,2,1,4,4,2,4,2,4,1,0,2,1,0,5,1,2,3,5,5,5,5,5,5,5,5,5,0,0,0,0,0,0,1,0,0,0,0,0,0,1,1,0,0,1,1,1,1,1,2,1,3,0,0,3,3,0,2,0,1
220,1,1,1,1,1,1,1,1,1,1,1,1,4,0,0,2,6,0,3,3,1,7,5,3,3,3,3,3,3,5,3,0,4,4,4,0,4,1,4,4,4,4,4,4,1,1,4,4,5,5,5,5,5,2,3,3,3,0,3,5,2,0,4,2
221,1,1,1,1,1,1,1,1,1,1,1,1,3,2,1,4,0,1,0,4,5,8,5,1,1,1,1,1,1,5,1,0,3,3,3,0,3,1,3,3,3,3,3,3,1,1,3,3,1,1,1,1,1,2,2,2,2,1,3,3,0,5,3,3
222,1,1,1,1,1,1,1,1,1,1,1,1,4,0,0,2,1,0,1,1,1,8,5,5,5,5,5,5,5,5,5,0,0,0,0,0,0,1,1,1,1,1,1,1,1,1,1,1,1,1,1,1,1,2,2,2,2,1,1,8,0,4,0,6
223,1,1,1,1,1,1,1,1,1,1,1,1,2,3,1,4,0,1,0,4,4,0,1,1,1,1,1,1,1,1,1,3,3,3,3,3,3,3,3,3,3,3,3,3,3,3,3,3,1,1,1,1,1,2,2,2,2,1,3,3,0,2,4,2
224,1,1,1,1,1,1,1,1,1,1,1,1,4,0,0,2,1,0,5,4,2,0,5,5,5,5,5,5,5,5,5,0,0,0,0,0,0,1,1,1,1,1,1,1,1,1,1,1,1,1,1,1,1,2,2,3,4,1,3,3,0,1,3,6
225,1,2,2,1,2,1,1,2,2,2,2,2,4,1,0,2,1,2,5,1,3,3,5,5,5,5,5,5,5,5,5,0,0,0,0,0,0,1,1,1,1,1,1,1,1,1,1,1,1,1,1,1,1,2,1,0,2,0,3,3,0,2,0,2
226,1,1,1,1,1,1,1,1,1,1,1,1,4,0,0,2,1,0,5,4,2,0,5,5,5,5,5,5,5,5,5,0,0,0,0,0,0,1,1,1,1,1,1,1,1,1,1,1,1,1,1,1,1,2,0,0,0,0,3,4,2,2,4,1
227,1,4,4,1,2,1,1,5,4,1,5,2,2,1,1,4,0,1,0,4,4,7,5,5,5,5,5,5,5,5,5,0,0,0,0,0,0,1,1,1,1,1,1,1,1,1,1,1,1,1,1,1,1,2,2,3,4,0,1,3,3,2,3,3
228,1,4,4,2,2,1,1,5,4,2,5,5,4,0,0,2,5,0,3,3,1,7,5,5,5,5,5,5,5,5,5,0,3,3,3,0,3,1,3,3,3,3,3,3,1,1,3,3,5,5,5,5,5,2,3,3,2,0,3,5,2,0,5,1
229,1,1,1,1,1,1,1,1,1,1,1,1,4,0,0,2,1,0,5,1,2,3,5,5,5,5,5,5,5,5,5,0,0,0,0,0,0,1,1,1,1,1,1,1,1,1,1,1,1,1,1,1,1,2,2,2,2,1,1,1,3,4,0,6
230,1,1,1,1,1,1,1,1,1,1,1,1,3,3,1,4,0,1,2,4,5,8,1,1,1,1,1,1,1,1,1,3,3,3,3,3,3,3,3,3,3,3,3,3,3,3,3,3,1,1,1,1,1,2,2,2,2,1,3,3,0,5,3,3
231,1,1,1,1,1,1,1,1,1,1,1,1,4,0,0,2,1,0,5,4,2,0,5,5,5,5,5,5,5,5,5,0,0,0,0,0,0,1,1,1,1,1,1,1,1,1,1,1,1,1,1,1,1,2,3,3,2,0,3,1,0,2,0,2
232,1,3,3,1,3,1,1,3,3,3,3,3,4,1,0,2,1,0,5,4,2,6,5,5,5,5,5,5,5,5,5,0,0,0,0,0,0,1,1,1,1,1,1,1,1,1,1,1,1,1,1,1,1,2,2,3,4,0,3,1,0,2,3,1
233,1,1,1,1,1,1,1,1,1,1,1,1,4,0,0,2,1,2,1,1,5,3,5,5,5,5,5,5,5,5,5,0,0,0,0,0,0,1,1,3,1,3,1,3,1,1,1,1,1,1,1,1,1,2,2,2,2,0,3,1,3,4,2,2
234,1,4,5,1,2,1,1,5,5,2,5,5,4,3,0,2,1,0,1,4,1,0,5,5,5,5,5,5,5,5,5,0,0,0,0,0,0,1,1,1,1,1,1,1,1,1,1,1,1,1,1,1,1,2,3,3,3,1,3,3,0,2,0,2
235,1,1,1,1,1,1,1,1,1,1,1,1,4,0,0,2,1,0,1,4,2,8,5,5,5,5,5,5,5,5,5,0,0,0,0,0,0,1,1,3,3,3,3,3,1,1,1,1,1,1,1,1,1,2,2,3,3,1,3,3,0,2,2,2
236,1,5,5,1,2,1,1,5,5,5,5,2,4,0,0,2,1,0,1,4,2,6,5,5,5,5,5,5,5,5,5,0,0,0,0,0,0,1,1,3,3,3,3,3,1,1,1,1,1,1,1,1,1,2,3,3,3,0,3,1,0,1,3,6
237,1,1,1,1,1,1,1,1,1,1,1,1,4,0,0,2,1,0,5,1,1,3,5,5,5,5,5,5,5,5,5,0,0,0,0,0,0,1,1,1,1,1,1,1,1,1,1,1,1,1,1,1,1,2,2,3,3,1,1,1,0,2,0,2
238,1,1,1,1,1,1,1,1,1,1,1,1,4,0,0,2,1,0,5,4,2,0,5,5,5,5,5,5,5,5,5,0,0,0,0,0,0,1,1,1,1,1,1,1,1,1,1,1,1,1,1,1,1,2,3,3,3,0,1,3,0,2,0,2
239,1,1,1,1,1,1,1,1,1,1,1,1,2,1,1,4,0,1,0,4,1,6,5,5,5,5,5,5,5,5,5,0,0,0,0,0,0,1,0,2,2,2,2,2,1,1,1,1,1,1,1,1,1,2,3,3,3,1,3,1,2,2,2,2
240,1,5,5,1,2,1,1,5,5,2,4,4,4,1,0,2,1,0,5,4,2,0,5,5,5,5,5,5,5,5,5,0,0,0,0,0,0,1,1,1,1,1,1,1,1,1,1,1,1,1,1,1,1,2,2,2,2,0,3,1,3,4,0,2
241,1,1,1,1,1,1,1,1,1,1,1,1,4,0,0,2,1,0,5,4,2,0,5,5,5,5,5,5,5,5,5,0,0,0,0,0,0,1,1,1,1,1,1,1,1,1,1,1,1,1,1,1,1,2,2,3,3,0,3,3,0,2,3,2
242,1,1,1,1,1,1,1,1,1,1,1,1,4,0,0,2,1,0,5,4,1,6,5,5,5,5,5,5,5,5,5,0,0,0,0,0,0,1,1,3,1,3,1,3,1,1,1,1,1,1,1,1,1,2,3,3,3,1,3,3,2,2,0,2
243,1,2,4,2,2,2,1,4,4,2,4,4,4,0,0,2,1,0,1,1,2,3,5,5,5,5,5,5,5,5,5,0,0,0,0,0,0,1,0,0,0,0,0,0,1,1,1,1,1,1,1,1,1,2,1,3,2,0,3,3,3,4,2,2
244,1,1,1,1,1,1,1,1,1,1,1,1,2,1,1,4,0,1,0,4,5,0,5,5,5,5,5,5,5,5,5,0,0,0,0,0,0,1,1,1,1,1,1,1,1,1,1,1,1,1,1,1,1,2,2,2,2,1,1,4,2,5,3,3
245,1,1,3,1,3,1,1,3,3,3,3,3,4,0,0,2,1,0,5,4,2,6,5,5,5,5,5,5,5,5,5,0,0,0,0,0,0,1,1,1,1,1,1,1,1,1,1,1,1,1,1,1,1,2,2,3,2,0,3,3,0,2,3,2
246,1,1,1,1,1,1,1,1,1,1,1,1,4,1,0,2,1,0,5,4,2,3,5,5,5,5,5,5,5,5,5,0,0,0,0,0,0,1,3,3,3,3,3,3,1,1,1,1,1,1,1,1,1,2,3,3,3,1,1,1,3,2,0,2
247,1,1,1,1,1,1,1,1,1,1,1,1,4,0,0,2,1,0,5,1,2,8,5,5,5,5,5,5,5,5,5,0,0,0,0,0,0,1,1,1,1,1,1,1,1,1,1,1,1,1,1,1,1,2,3,3,3,1,3,8,0,4,0,1
248,1,1,1,1,1,1,1,1,1,1,1,1,4,0,0,2,1,0,5,4,2,3,5,5,5,5,5,5,5,5,5,0,0,0,0,0,0,1,1,1,1,1,1,1,1,1,1,1,1,1,1,1,1,1,3,3,2,0,1,3,0,2,4,1
249,1,1,1,1,1,1,1,1,1,1,1,1,4,0,0,2,1,0,5,4,1,0,5,5,5,5,5,5,5,5,5,0,0,0,0,0,0,1,1,1,1,1,1,1,1,1,1,1,1,1,1,1,1,2,2,3,2,1,3,4,2,2,4,1
250,1,1,1,1,1,1,1,1,1,1,1,1,4,0,0,2,1,0,1,1,2,6,5,5,5,5,5,5,5,5,5,0,0,0,0,0,0,1,1,0,0,0,0,0,1,1,0,0,1,1,1,1,1,2,2,2,2,0,3,1,3,2,0,2
251,1,2,2,1,2,2,1,2,2,2,2,2,4,0,0,2,1,0,1,1,1,0,5,5,5,5,5,5,5,5,5,0,0,0,0,0,0,1,3,3,3,3,3,3,1,1,1,1,1,1,1,1,1,2,2,2,2,0,1,1,3,4,0,6
252,1,4,5,1,4,1,1,5,5,2,5,5,4,1,0,2,1,2,1,1,3,3,5,5,1,1,1,1,1,5,5,0,3,3,3,0,0,1,3,3,3,3,3,3,1,1,1,1,1,1,1,1,1,2,2,3,3,0,3,1,3,4,0,1
253,1,1,1,1,1,1,1,1,1,1,1,1,2,3,1,4,0,1,2,4,4,8,5,1,1,1,1,1,1,5,1,0,3,3,3,0,3,1,3,3,3,3,3,3,1,1,3,3,1,1,1,1,1,2,2,3,3,0,3,3,0,2,3,2
254,1,5,5,5,5,1,1,5,5,5,5,5,4,0,0,2,3,0,3,3,1,7,5,5,3,3,3,3,3,5,3,0,4,4,4,0,4,1,4,4,4,4,4,4,1,1,4,4,5,5,5,5,5,2,3,3,2,0,1,5,2,0,5,2
255,1,1,1,1,1,1,1,1,1,1,1,1,4,0,0,2,1,0,5,4,2,0,5,5,5,5,5,5,5,5,5,0,0,0,0,0,0,1,1,1,1,1,1,1,1,1,1,1,1,1,1,1,1,2,3,3,3,1,3,1,0,4,0,2
256,1,1,1,1,1,1,1,1,1,1,1,1,4,0,0,2,1,0,1,4,1,8,5,5,5,5,5,5,5,5,5,0,0,0,0,0,0,1,1,1,1,1,1,1,1,1,1,1,1,1,1,1,1,2,3,3,2,0,3,3,0,1,3,6
257,1,2,5,2,2,2,1,5,4,2,4,4,4,0,0,2,1,0,5,4,2,0,5,5,5,5,5,5,5,5,5,0,0,0,0,0,0,1,1,1,1,1,1,1,1,1,1,1,1,1,1,1,1,2,3,3,3,0,1,3,2,2,0,2
258,1,1,5,1,1,1,1,5,4,1,5,2,4,1,0,2,1,0,1,4,2,3,5,5,5,5,5,5,5,5,5,0,0,0,0,0,0,1,1,0,0,0,0,0,1,1,1,1,1,1,1,1,1,1,2,3,3,0,1,1,2,2,0,1
259,1,1,1,1,1,1,1,1,1,1,1,1,2,1,1,4,0,1,2,4,1,0,5,5,1,1,1,1,1,5,1,0,3,3,3,0,3,1,3,3,3,3,3,3,1,1,3,3,1,1,1,1,1,2,2,3,3,1,1,4,2,2,3,3
260,1,1,1,1,1,1,1,1,1,1,1,1,4,0,0,2,1,0,5,4,2,3,5,5,5,5,5,5,5,5,5,0,0,0,0,0,0,1,1,1,1,1,1,1,1,1,1,1,1,1,1,1,1,2,3,3,3,0,3,3,0,2,0,1
261,1,1,1,1,1,1,1,1,1,1,1,1,4,0,0,2,1,0,1,4,2,0,5,5,5,5,5,5,5,5,5,0,0,0,0,0,0,1,1,1,1,1,1,1,1,1,1,1,1,1,1,1,1,2,2,3,2,0,3,3,0,2,0,1
262,1,1,1,1,1,1,1,1,1,1,1,1,4,0,0,2,1,2,5,4,3,3,5,5,5,5,5,5,5,5,5,0,0,0,0,0,0,1,1,1,1,1,1,1,1,1,1,1,1,1,1,1,1,2,3,3,3,1,3,1,2,2,3,1
263,1,1,1,1,1,1,1,1,1,1,1,1,4,0,0,2,1,0,5,1,3,6,5,5,5,5,5,5,5,5,5,0,0,0,0,0,0,1,1,1,1,1,1,1,1,1,1,1,1,1,1,1,1,2,2,2,2,0,3,1,0,4,0,1
264,1,4,4,1,2,1,1,5,4,1,5,5,4,1,0,2,1,0,5,4,1,0,5,5,5,5,5,5,5,5,5,0,0,0,0,0,0,1,1,0,0,0,0,0,1,1,1,1,1,1,1,1,1,2,3,3,3,0,3,1,3,2,0,2
265,1,1,1,1,1,1,1,1,1,1,1,1,2,0,0,4,0,1,0,4,1,0,5,5,5,5,5,5,5,5,5,0,0,0,0,0,0,1,1,1,1,1,1,1,1,1,3,3,1,1,1,1,1,2,2,3,3,0,1,3,3,2,4,4
266,1,1,1,1,1,1,1,1,1,1,1,1,4,0,0,2,3,0,3,3,1,0,5,5,1,1,1,1,1,5,1,0,3,3,3,0,3,1,3,3,3,3,3,3,1,1,3,3,4,4,4,1,1,2,3,3,2,0,3,5,2,0,5,2
267,1,1,1,1,1,1,1,1,1,1,1,1,4,0,0,2,3,0,5,4,2,3,5,5,5,5,5,5,5,5,5,0,0,0,0,0,0,1,1,1,1,1,1,1,1,1,1,1,1,1,1,1,1,2,2,3,3,0,1,1,0,2,0,2
268,1,4,4,1,2,1,1,5,4,2,5,5,4,1,0,2,1,0,1,4,2,6,5,5,5,5,5,5,5,5,5,0,0,0,0,0,0,1,1,1,1,1,1,1,1,1,1,1,1,1,1,1,1,2,2,3,3,0,3,3,0,2,0,2
269,1,1,1,1,1,1,1,1,1,1,1,1,4,0,0,2,1,0,1,4,1,6,5,5,5,5,5,5,5,5,5,0,0,0,0,0,0,1,1,1,1,1,1,1,1,1,1,1,1,1,1,1,1,2,0,3,1,0,1,1,0,2,0,1
270,1,1,1,1,1,1,1,1,1,1,1,1,4,0,0,2,1,2,1,1,5,3,5,5,5,5,5,5,5,5,5,0,0,0,0,0,0,1,1,1,1,1,1,1,1,1,1,1,1,1,1,1,1,2,2,2,2,1,1,1,0,4,0,6
271,1,4,4,1,1,1,1,5,5,2,5,1,4,0,0,2,1,0,5,4,2,3,5,5,5,5,5,5,5,5,5,0,0,0,0,0,0,1,1,1,1,1,1,1,1,1,1,1,1,1,1,1,1,2,3,3,2,0,3,3,2,2,0,1
272,1,5,5,1,3,2,1,5,5,2,5,2,4,1,0,2,1,0,5,4,2,3,5,5,5,5,5,5,5,5,5,0,0,0,0,0,0,1,1,1,1,1,1,1,1,1,1,1,1,1,1,1,1,2,2,3,2,1,3,1,3,2,0,2
273,1,1,1,1,1,1,1,1,1,1,1,1,2,0,1,4,0,1,2,4,0,0,1,1,1,1,1,1,1,1,1,3,3,3,3,3,3,3,3,3,3,3,3,3,3,3,3,3,1,1,1,1,1,2,2,2,2,1,3,1,0,2,3,3
274,1,1,1,1,1,1,1,1,1,1,1,1,0,0,0,4,0,1,0,2,0,6,5,5,5,5,5,5,5,5,5,0,0,0,0,0,0,1,3,3,3,3,3,3,1,1,3,3,1,1,1,1,1,2,2,3,3,0,3,1,3,4,0,3
275,1,1,1,1,1,1,1,1,1,1,1,1,4,0,0,2,1,0,1,1,2,3,5,5,5,5,5,5,5,5,5,0,0,0,0,0,0,1,1,1,1,1,1,1,1,1,1,1,1,1,1,1,1,2,2,3,2,0,1,1,0,4,0,6
276,1,1,1,1,1,1,1,1,1,1,1,1,0,1,0,4,0,1,2,2,0,0,5,5,5,5,5,5,5,5,5,0,0,0,0,0,0,1,1,3,3,3,3,3,1,1,3,3,1,1,1,1,1,2,2,2,2,0,3,3,3,2,0,4
277,1,1,1,1,1,1,1,1,1,1,1,1,3,3,1,4,0,1,2,4,5,8,1,1,1,1,1,1,1,5,1,3,3,3,3,0,3,1,3,3,3,3,3,3,1,1,3,3,1,1,1,1,1,2,2,2,2,1,3,3,2,5,4,4
278,1,2,2,1,1,1,1,5,5,1,5,1,4,1,0,2,1,0,1,4,1,6,5,5,5,5,5,5,5,5,5,0,0,0,0,0,0,1,1,1,1,1,1,1,1,1,1,1,1,1,1,1,1,2,1,3,4,0,1,3,0,2,0,3
279,1,1,1,1,1,1,1,1,1,1,1,1,4,0,0,2,1,0,5,4,2,0,5,5,4,4,5,5,5,5,4,0,0,0,0,0,0,1,1,4,1,4,4,4,1,1,0,0,2,2,2,2,1,2,3,3,3,0,3,1,0,2,2,1
280,1,1,1,1,1,1,1,1,1,1,1,1,4,0,0,2,3,0,1,3,1,0,5,5,5,5,5,5,5,5,5,0,0,0,0,0,0,1,1,1,1,1,1,1,1,1,1,1,1,1,1,1,1,2,1,3,2,0,3,3,2,1,4,6
281,1,4,4,2,2,2,1,4,1,2,5,2,4,0,0,2,5,0,1,3,1,0,5,5,5,5,5,5,5,5,5,0,0,0,0,0,0,1,1,1,1,1,1,1,1,1,1,1,1,1,1,1,1,2,1,3,2,0,3,1,2,1,3,6
282,1,1,1,1,1,1,1,1,1,1,1,1,4,0,0,2,1,0,5,1,1,8,5,5,1,1,1,5,1,5,1,0,3,3,3,0,3,1,3,3,3,3,3,3,1,1,3,3,1,1,1,1,1,2,2,2,2,0,1,8,0,4,0,6
283,1,1,1,1,1,1,1,1,1,1,1,1,4,0,0,2,1,0,5,4,1,3,5,5,5,5,5,5,5,5,5,0,0,0,0,0,0,1,1,1,1,1,1,1,1,1,1,1,1,1,1,1,1,2,3,3,3,1,1,1,0,2,0,3
284,1,1,1,1,1,1,1,1,1,1,1,1,4,1,0,2,1,0,1,4,1,8,5,5,5,5,5,5,5,5,5,0,0,0,0,0,0,1,1,1,1,1,1,1,1,1,1,1,1,1,1,1,1,2,2,3,3,1,3,3,3,2,0,3
285,1,1,1,1,1,1,1,1,1,1,1,1,4,0,0,2,1,0,1,4,2,3,5,5,5,5,5,5,5,5,5,0,0,0,0,0,0,1,1,1,1,1,1,1,1,1,1,1,2,2,2,2,2,1,1,3,1,0,3,1,3,2,0,1
286,1,5,5,1,1,1,1,5,5,1,5,5,4,0,0,2,1,2,5,1,5,3,5,5,5,5,5,5,5,5,5,0,0,0,0,0,0,1,1,3,1,3,3,3,1,1,1,1,1,1,1,1,1,2,2,2,2,0,1,3,3,4,0,2
287,1,1,1,1,1,1,1,1,1,1,1,1,2,1,1,4,0,1,0,4,0,0,5,5,5,5,5,5,5,5,5,0,3,3,3,0,3,1,1,3,3,3,3,3,1,1,3,3,1,1,1,1,1,2,2,3,2,0,3,3,3,2,4,4
288,1,1,1,1,1,1,1,1,1,1,1,1,4,0,0,2,1,0,1,4,2,0,5,5,5,5,5,5,5,5,5,0,0,0,0,0,0,1,1,1,1,1,1,1,1,1,1,1,1,1,1,1,1,2,1,0,1,1,3,1,0,2,0,1
289,1,2,4,1,1,1,1,5,4,2,4,2,4,0,0,2,5,0,3,3,1,6,5,5,1,1,1,1,1,5,1,0,3,3,3,0,3,1,3,3,3,3,3,3,1,1,3,3,5,2,5,2,1,2,3,3,2,0,1,5,0,0,7,2
290,1,1,1,1,1,1,1,1,1,1,1,1,4,1,1,2,7,0,3,3,0,0,5,5,1,1,1,1,1,5,1,0,3,3,3,0,3,1,1,3,3,3,3,3,1,1,4,4,1,1,4,1,1,2,3,3,3,0,3,5,2,0,5,1
291,1,1,1,1,1,1,1,1,1,1,1,1,1,1,1,4,0,1,0,4,0,6,5,5,5,5,5,5,5,5,5,0,0,0,0,0,0,1,1,1,1,1,1,1,1,1,1,1,1,1,1,1,1,2,2,2,2,1,1,3,4,2,2,5
292,1,1,1,1,1,1,1,1,1,1,1,1,4,0,0,2,1,0,1,4,2,0,5,5,5,5,5,5,5,5,5,0,0,0,0,0,0,1,1,1,1,1,1,1,1,1,1,1,1,1,1,1,1,2,1,3,1,0,3,4,0,2,3,2
293,1,5,5,1,1,1,1,5,5,5,5,5,4,0,0,2,1,2,5,1,3,3,5,5,5,5,5,5,5,5,5,0,0,0,0,0,0,1,1,1,1,1,1,1,1,1,1,1,1,1,1,1,1,1,0,3,2,1,1,3,0,2,0,1
294,1,5,5,1,1,1,1,5,5,1,5,5,4,0,0,2,1,0,5,4,2,3,5,5,5,5,5,5,5,5,5,0,0,0,0,0,0,1,1,1,1,1,1,1,1,1,1,1,1,1,1,1,1,2,1,3,2,0,3,1,0,2,0,1
295,1,1,1,1,1,1,1,1,1,1,1,1,1,0,0,2,3,0,2,3,4,8,5,5,5,5,5,5,5,5,5,0,0,0,0,0,0,1,1,1,1,1,1,1,1,1,1,1,1,1,1,1,1,2,2,3,2,0,3,1,0,1,4,6
296,1,1,1,1,1,1,1,1,1,1,1,1,2,0,1,4,0,1,3,3,0,7,1,1,1,1,1,1,1,1,1,3,3,3,3,3,3,3,3,3,3,3,3,3,3,3,3,3,1,1,1,1,1,3,3,3,3,0,1,5,3,0,4,0
297,1,1,5,1,1,1,1,5,5,1,1,1,4,0,0,2,5,0,3,3,4,6,5,5,1,1,1,1,1,5,1,0,3,3,3,0,3,1,3,3,3,3,3,3,1,1,3,3,1,1,4,1,1,2,3,3,2,0,3,5,0,0,5,1
298,1,1,1,1,1,1,1,1,1,1,1,1,4,0,0,2,1,0,5,4,2,3,5,5,5,5,5,5,5,5,5,0,0,0,0,0,0,1,1,1,1,1,1,1,1,1,1,1,1,1,1,1,1,2,3,3,3,1,1,1,3,2,0,2
299,1,1,1,1,1,1,1,1,1,1,1,1,4,0,0,1,3,0,3,0,0,7,5,5,1,1,1,1,1,5,1,0,3,3,3,0,3,1,3,3,3,3,3,3,1,1,2,2,4,4,4,4,4,1,3,3,2,0,1,5,0,0,4,1
300,1,1,1,1,1,1,1,1,1,1,1,1,4,0,0,2,3,0,3,3,4,6,5,5,3,3,3,3,3,5,3,0,4,4,4,4,4,1,4,4,4,4,4,4,1,1,4,4,3,3,3,3,3,2,3,3,2,0,3,5,0,0,3,1
301,1,1,5,1,1,1,1,4,5,1,4,2,4,1,0,2,5,0,3,0,4,7,5,5,1,1,1,1,1,5,1,0,3,3,3,0,3,1,3,3,3,3,3,3,3,1,3,3,4,4,4,4,4,2,3,3,2,0,1,5,2,0,6,1
302,1,1,1,1,1,1,1,1,1,1,1,1,4,0,0,2,1,0,1,4,2,0,5,5,5,5,5,5,5,5,5,0,0,0,0,0,0,1,1,1,1,1,1,1,1,1,1,1,1,1,1,1,1,2,2,3,2,1,1,1,0,2,0,2
303,1,1,1,1,1,1,1,1,1,1,1,1,4,0,0,2,1,0,5,4,2,3,5,5,5,5,5,5,5,5,5,0,0,0,0,0,0,1,1,1,1,1,1,1,1,1,1,1,1,1,1,1,1,2,2,3,2,1,1,1,2,1,2,6
304,1,1,1,1,1,1,1,1,1,1,1,1,4,0,0,2,1,0,5,4,2,3,5,5,5,5,5,5,5,5,5,0,0,0,0,0,0,1,1,1,1,1,1,1,1,1,1,1,1,1,1,1,1,2,2,0,4,0,3,1,0,2,4,1
305,1,1,1,1,1,1,1,1,1,1,1,1,4,0,0,2,1,0,1,4,2,3,5,5,5,5,5,5,5,5,5,0,0,0,0,0,0,1,1,1,1,1,1,1,1,1,1,1,1,1,1,1,1,2,2,3,3,1,3,4,0,2,0,1
306,1,1,1,1,1,1,1,1,1,1,1,1,4,0,0,2,1,0,5,4,2,0,5,5,5,5,5,5,5,5,5,0,0,0,0,0,0,3,3,3,3,3,3,3,3,3,3,3,1,1,1,1,1,2,2,3,2,1,1,1,0,2,0,1
307,1,1,1,1,1,1,1,1,1,1,1,1,4,0,0,2,1,0,5,4,1,0,5,5,5,5,5,5,5,5,5,0,0,0,0,0,0,1,1,0,0,0,0,0,1,1,0,0,1,1,1,1,1,2,2,3,3,0,3,1,0,2,0,2
308,1,5,5,1,1,1,1,5,5,5,5,5,4,0,0,2,1,2,5,1,3,3,5,5,5,5,5,5,5,5,5,0,0,0,0,0,0,1,1,1,1,1,1,1,1,1,1,1,1,1,4,1,1,2,2,2,2,0,3,1,3,4,0,1
309,1,2,5,1,1,1,1,5,4,2,2,4,4,0,0,2,3,0,3,3,1,6,5,5,1,1,1,1,1,5,1,0,3,3,3,0,3,1,1,3,3,3,3,3,1,1,4,4,2,2,4,2,1,2,3,3,2,0,3,5,0,0,4,2
310,1,5,5,1,2,2,1,5,4,1,4,2,4,2,0,2,1,0,1,4,2,0,5,5,5,5,5,5,5,5,5,0,0,0,0,0,0,1,0,0,0,0,0,0,1,1,0,0,1,1,1,1,1,2,2,3,2,1,1,1,3,4,0,1
311,1,1,1,1,1,1,1,1,1,1,1,1,4,0,0,2,1,0,5,4,2,6,5,5,5,5,5,5,5,5,5,0,0,0,0,0,0,1,1,1,1,1,1,1,1,1,1,1,1,1,1,1,1,2,1,3,2,0,3,3,0,2,2,1
312,1,1,1,1,1,1,1,1,1,1,1,1,4,1,0,2,1,2,5,1,3,3,5,5,5,5,5,5,5,5,5,0,0,0,0,0,0,1,1,1,1,1,1,1,1,1,1,1,1,1,1,1,1,2,3,3,3,1,3,1,0,4,0,6
313,1,1,1,1,1,1,1,1,1,1,1,1,4,0,0,2,1,0,5,4,2,3,5,5,5,5,5,5,5,5,5,0,0,0,0,0,0,1,1,1,1,1,1,1,1,1,1,1,1,1,1,1,1,2,3,3,3,0,3,3,3,2,0,2
314,1,1,1,1,1,1,1,1,1,1,1,1,4,0,0,2,1,0,1,4,2,3,5,5,5,5,5,5,5,5,5,0,0,0,0,0,0,1,1,1,1,1,1,1,1,1,1,1,1,1,1,1,1,2,3,3,1,1,3,4,0,2,3,2
315,1,4,4,1,1,1,1,5,4,2,4,2,2,1,1,0,0,1,0,4,4,0,5,5,5,5,5,5,5,5,5,0,0,1,1,0,2,1,1,2,2,2,2,2,1,1,2,2,1,1,1,1,1,2,2,3,2,0,3,3,3,2,0,3
316,1,1,1,1,1,1,1,1,1,1,1,1,4,0,0,2,1,0,5,4,2,6,5,5,5,5,5,5,5,5,5,0,0,0,0,0,0,1,1,1,1,1,1,1,1,1,1,1,1,1,1,1,1,2,2,2,2,0,1,1,3,2,0,1
317,1,1,1,1,1,1,1,1,1,1,1,1,4,0,0,2,1,0,5,1,3,3,5,5,5,5,5,5,5,5,5,0,0,0,0,0,0,1,1,1,1,1,1,1,1,1,1,1,1,1,1,1,1,2,2,3,2,0,3,3,3,4,0,1
318,1,5,1,1,1,1,1,5,5,1,5,5,4,1,0,2,1,0,5,4,2,3,5,5,5,5,5,5,5,5,5,0,0,0,0,0,0,1,1,2,1,2,1,2,1,1,1,1,1,1,4,1,1,2,1,3,4,1,1,3,0,2,0,2
319,1,1,1,1,1,1,1,1,1,1,1,1,4,0,0,2,1,0,1,1,2,0,5,5,5,5,5,5,5,5,5,0,0,0,0,0,0,1,1,0,0,0,0,0,1,1,0,0,1,1,1,1,1,2,2,1,2,0,3,3,0,2,0,2
320,1,1,1,1,1,1,1,1,1,1,1,1,4,0,0,2,1,0,1,1,1,0,5,5,5,5,5,5,5,5,5,0,0,0,0,0,0,1,1,1,1,1,1,1,1,1,1,1,1,1,1,1,1,2,2,2,2,1,3,1,0,2,0,2
321,1,1,1,1,1,1,1,1,1,1,1,1,4,0,0,2,1,2,1,1,5,3,5,5,5,5,5,5,5,5,5,0,0,0,0,0,0,1,1,1,1,1,1,1,1,1,1,1,1,1,1,1,1,2,2,2,2,0,1,3,3,4,0,1
322,1,1,1,1,1,1,1,1,1,1,1,1,4,0,0,2,1,0,5,4,1,8,5,5,5,5,5,5,5,5,5,0,0,0,0,0,0,1,1,1,1,1,1,1,1,1,1,1,1,1,1,1,1,2,2,2,2,1,1,3,0,2,0,2
323,1,1,1,1,1,1,1,1,1,1,1,1,4,0,0,2,1,0,1,4,2,1,5,5,5,5,5,5,5,5,5,0,0,0,0,0,0,1,1,1,1,1,1,1,1,1,1,1,1,1,1,1,1,2,2,2,2,0,3,1,0,2,2,2
324,1,4,4,1,1,1,1,4,4,1,4,2,4,0,0,2,1,0,5,1,2,0,5,5,5,5,5,5,5,5,5,0,0,0,0,0,0,1,1,1,1,1,1,1,1,1,1,1,1,1,1,1,1,2,2,2,2,1,1,1,3,4,0,6
325,1,1,1,1,1,1,1,1,1,1,1,1,4,0,0,2,1,0,1,1,2,3,5,5,5,5,5,5,5,5,5,0,0,0,0,0,0,1,1,1,1,1,1,1,1,1,1,1,1,1,1,1,1,2,2,2,2,0,3,1,0,4,0,6
326,1,1,1,1,1,1,1,1,1,1,1,1,4,0,0,2,1,0,5,1,2,3,5,5,5,5,5,5,5,5,5,0,0,0,0,0,0,1,1,3,3,3,3,3,1,1,1,1,1,1,1,1,1,2,2,2,2,1,3,1,3,4,0,1
327,1,4,1,1,1,1,1,4,4,1,4,2,2,3,1,4,0,1,0,1,1,6,5,5,5,5,5,5,5,5,5,0,0,0,0,0,0,1,1,0,0,0,0,0,1,1,0,0,1,1,1,1,1,2,2,2,2,1,3,3,3,4,0,6
328,1,1,1,1,1,1,1,1,1,1,1,1,4,0,0,2,1,0,5,4,2,6,5,5,5,5,5,5,5,5,5,0,0,0,0,0,0,1,1,1,1,1,1,1,1,1,1,1,1,1,1,1,1,2,2,2,2,0,1,3,0,4,0,1
329,1,1,1,1,1,1,1,1,1,1,1,1,4,0,0,2,1,0,1,1,2,0,5,5,5,5,5,5,5,5,5,0,0,0,0,0,0,1,1,1,1,1,1,1,1,1,1,1,1,1,5,1,1,2,2,2,2,0,3,3,3,4,0,2
330,1,1,1,1,1,1,1,1,1,1,1,1,2,1,1,4,0,1,0,4,4,0,5,5,5,5,5,5,5,5,5,0,0,0,0,0,0,1,3,3,3,3,3,3,1,1,3,3,1,1,1,1,1,2,2,2,2,1,1,4,0,2,4,3
331,1,1,1,1,1,1,1,1,1,1,1,1,4,0,0,2,1,0,5,4,2,6,5,5,5,5,5,5,5,5,5,0,0,0,0,0,0,1,1,1,1,1,1,1,1,1,1,1,1,1,1,1,1,2,3,3,2,0,1,1,0,2,0,2
332,1,1,4,1,1,1,1,5,4,1,2,2,4,0,0,2,1,2,1,1,3,3,5,5,5,5,5,5,5,5,5,0,0,0,0,0,0,1,1,3,3,3,3,3,1,1,0,0,1,1,5,1,1,2,3,3,3,0,3,3,3,4,0,6
333,1,1,1,1,1,1,1,1,1,1,1,1,2,1,1,4,0,1,2,4,1,0,1,1,1,1,1,1,1,1,1,3,3,3,3,3,3,3,3,3,3,3,3,3,3,3,3,3,1,1,1,1,1,3,3,3,3,1,1,3,3,2,4,3
334,1,1,1,1,1,1,1,5,4,1,5,2,4,0,0,2,3,0,3,3,1,7,5,5,1,1,1,1,1,5,1,0,3,3,3,0,3,1,3,3,3,3,3,3,1,1,3,3,4,4,5,2,4,2,3,3,2,0,3,5,2,0,5,1
335,1,1,1,1,1,1,1,1,1,1,1,1,4,0,0,2,1,0,1,4,1,0,5,5,5,5,5,5,5,5,5,0,0,0,0,0,0,1,1,1,1,1,1,1,1,1,1,1,1,1,1,1,1,2,2,2,2,1,3,3,0,2,0,2
336,1,1,1,1,1,1,1,1,1,1,1,1,4,0,0,2,1,0,5,4,2,3,5,5,5,5,5,5,5,5,5,0,0,0,0,0,0,1,1,1,1,1,1,1,1,1,1,1,1,1,1,1,1,2,2,2,2,0,1,3,0,2,0,2
337,1,1,1,1,1,1,1,1,1,1,1,1,4,0,0,2,1,2,5,1,3,3,5,5,5,5,5,5,5,5,5,0,0,0,0,0,0,1,1,1,1,1,1,1,1,1,1,1,1,1,1,1,1,2,3,3,4,0,1,1,3,4,0,1
338,1,1,1,1,1,1,1,1,1,1,1,1,4,0,0,2,1,0,5,4,2,0,5,5,5,5,5,5,5,5,5,0,0,0,0,0,0,1,1,1,1,1,1,1,1,1,1,1,1,1,1,1,1,2,3,3,3,0,3,3,0,1,3,6
339,1,1,1,1,1,1,1,1,1,1,1,1,4,0,0,2,1,0,1,1,2,0,5,5,5,5,5,5,5,5,5,0,0,0,0,0,0,1,1,1,1,1,1,1,1,1,1,1,1,1,1,1,1,2,2,2,2,1,1,1,0,2,0,2
340,1,1,1,1,1,1,1,1,1,1,1,1,4,0,0,2,1,0,1,4,2,6,5,5,5,5,5,5,5,5,5,0,0,0,0,0,0,1,1,1,1,1,1,1,1,1,1,1,1,1,1,1,1,2,2,2,2,0,3,3,0,2,0,2
341,1,5,5,1,1,1,1,5,5,2,5,5,4,0,0,2,1,0,5,1,5,3,5,5,5,5,5,5,5,5,5,0,0,0,0,0,0,1,1,1,1,1,1,1,1,1,1,1,1,1,1,1,1,2,2,2,2,1,3,1,3,4,0,1
342,1,4,4,1,1,1,1,4,4,1,4,4,2,1,1,4,0,1,0,4,1,8,5,5,1,1,1,1,1,5,1,0,3,3,3,0,3,1,1,3,3,3,3,3,1,1,3,3,1,1,1,1,1,2,2,2,2,1,1,3,0,2,0,3
343,1,1,1,1,1,1,1,1,1,1,1,1,4,0,0,2,1,0,5,1,1,3,5,5,5,5,5,5,5,5,5,0,0,0,0,0,0,1,1,1,1,1,1,1,1,1,1,1,1,1,1,1,1,2,2,2,2,0,3,3,3,4,0,6
344,1,1,1,1,1,1,1,1,1,1,1,1,2,1,1,4,0,1,0,4,1,6,5,5,1,1,1,5,1,5,1,0,3,3,3,0,3,1,1,3,3,3,3,3,1,1,3,3,1,1,1,1,1,2,2,3,3,0,1,4,3,2,3,4
345,1,1,1,1,1,1,1,1,1,1,1,1,4,0,0,2,1,0,1,4,2,3,5,5,5,5,5,5,5,5,5,0,0,0,0,0,0,1,1,1,1,1,1,1,1,1,1,1,1,1,1,1,1,2,2,2,2,1,1,3,0,2,0,2
346,1,1,1,1,1,1,1,1,1,1,1,1,4,0,0,2,1,0,1,4,2,0,5,5,5,5,5,5,5,5,5,0,0,0,0,0,0,1,1,1,1,1,1,1,1,1,1,1,1,1,1,1,1,2,2,3,3,0,3,1,0,2,0,1
347,1,1,1,1,1,1,1,1,1,1,1,1,4,0,0,2,1,2,5,1,3,3,5,5,5,5,5,5,5,5,5,0,0,0,0,0,0,1,1,1,1,1,1,1,1,1,1,1,1,1,1,1,1,2,2,2,2,0,3,3,3,2,0,2
348,1,1,1,1,1,1,1,1,1,1,1,1,4,0,0,2,1,0,5,1,2,0,5,5,5,5,5,5,5,5,5,0,0,0,0,0,0,1,1,1,1,1,1,1,1,1,1,1,1,1,1,1,1,2,3,3,3,0,3,1,0,4,0,6
349,1,5,5,1,1,1,1,5,5,1,5,5,4,1,0,2,3,0,1,4,2,0,5,5,5,5,5,5,5,5,5,0,0,0,0,0,0,1,1,1,1,1,1,1,1,1,1,1,1,1,1,1,1,2,3,3,3,0,1,3,0,2,0,2
350,1,1,1,1,1,1,1,1,1,1,1,1,4,0,0,2,1,2,5,1,5,3,5,5,5,5,5,5,5,5,5,0,0,0,0,0,0,1,1,1,1,1,1,1,1,1,1,1,1,1,1,1,1,2,2,2,2,0,3,3,3,4,2,1
351,1,1,1,1,1,1,1,1,1,1,1,1,4,0,0,2,1,0,5,4,2,6,5,5,5,5,5,5,5,5,5,0,0,0,0,0,0,1,1,1,1,1,1,1,1,1,1,1,1,1,1,1,1,2,2,3,2,0,3,1,0,2,3,2
352,1,1,1,1,1,1,1,1,1,1,1,1,4,0,0,2,1,2,5,1,3,3,5,5,5,5,5,5,5,5,5,0,0,0,0,0,0,1,1,1,1,1,1,1,1,1,1,1,1,1,1,1,1,2,2,2,2,1,1,8,0,4,0,6
353,1,4,4,1,1,1,1,5,5,1,4,3,4,1,0,2,1,0,1,4,2,0,5,5,5,5,5,5,5,5,5,0,0,0,0,0,0,1,1,1,1,1,1,1,1,1,1,1,1,1,4,1,1,2,3,3,3,0,1,3,3,2,0,2
354,1,5,5,1,1,1,1,5,5,1,5,5,2,1,1,4,0,1,5,4,4,6,5,5,1,1,5,1,1,5,1,0,3,3,3,0,3,1,1,3,3,3,3,3,1,1,3,3,1,1,1,1,1,2,2,3,4,0,1,4,3,2,3,5
355,1,1,1,1,1,1,1,1,1,1,1,1,4,0,1,2,3,0,3,3,1,7,5,5,5,5,5,5,5,5,5,0,0,0,0,0,0,1,1,1,1,1,1,1,1,1,1,1,1,1,1,1,1,2,3,3,2,0,3,5,0,0,5,2
356,1,1,1,1,1,1,1,1,1,1,1,1,4,0,0,2,1,0,5,4,1,0,5,5,5,5,5,5,5,5,5,0,0,0,0,0,0,1,1,1,1,1,1,1,1,1,1,1,1,1,1,1,1,2,2,2,2,1,3,3,0,2,0,1
357,1,5,5,1,1,1,1,5,5,1,5,2,4,0,0,2,1,0,5,4,2,3,5,5,5,5,5,5,5,5,5,0,0,0,0,0,0,1,1,0,0,0,0,0,1,1,0,0,1,1,1,1,1,2,2,2,2,0,3,3,3,2,0,1
358,1,1,1,1,1,1,1,1,1,1,1,1,4,3,0,2,1,0,5,1,1,6,5,5,5,5,5,5,5,5,5,0,0,0,0,0,0,1,1,1,1,1,1,1,1,1,1,1,1,1,1,1,1,2,2,2,2,0,3,3,0,1,0,6
359,1,1,1,1,1,1,1,1,1,1,1,1,4,0,0,2,1,0,5,4,2,3,5,5,5,5,5,5,5,5,5,0,0,0,0,0,0,1,1,1,1,1,1,1,1,1,1,1,1,1,1,1,1,2,2,2,2,0,3,3,3,2,0,1
360,1,1,1,1,1,1,1,1,1,1,1,1,4,0,0,2,1,0,5,4,2,0,5,5,5,5,5,5,5,5,5,0,0,0,0,0,0,1,1,1,1,1,1,1,1,1,1,1,1,1,1,1,1,2,2,2,2,1,1,1,3,4,0,1
361,1,1,1,1,1,1,1,1,1,1,1,1,4,0,0,2,1,2,5,1,5,3,5,5,5,5,5,5,5,5,5,0,0,0,0,0,0,1,1,3,3,3,3,3,1,1,3,3,1,1,1,1,1,2,2,2,2,0,3,1,3,4,0,1
362,1,5,5,1,2,1,1,5,2,2,2,2,4,0,0,2,1,0,5,4,2,3,5,5,5,5,5,5,5,5,5,0,0,0,0,0,0,1,1,1,1,1,1,1,1,1,1,1,1,1,1,1,1,2,2,2,2,1,3,4,0,2,4,2
363,1,5,5,1,1,1,1,5,5,5,5,5,4,0,0,0,3,0,3,3,1,7,5,5,5,5,5,5,5,5,5,0,0,0,0,0,0,1,1,1,1,1,1,1,1,1,1,1,5,5,5,5,5,2,3,3,2,0,3,5,2,0,4,1
364,1,4,2,2,4,2,1,5,4,2,2,2,4,0,0,2,1,0,1,4,2,8,5,5,5,5,5,5,5,5,5,0,0,0,0,0,0,1,1,1,1,1,1,1,1,1,1,1,1,1,1,1,1,2,2,2,2,0,1,3,0,2,0,2
365,1,1,1,1,1,1,1,1,1,1,1,1,0,1,1,4,0,1,0,4,5,0,5,5,5,5,5,5,5,5,5,3,3,3,3,3,3,1,3,3,3,3,3,3,1,1,3,3,1,1,1,1,1,2,2,2,2,1,3,3,0,5,3,3
366,1,1,1,1,1,1,1,1,1,1,1,1,4,0,0,2,1,0,1,4,2,3,5,5,5,5,5,5,5,5,5,0,0,0,0,0,0,1,1,1,1,1,1,1,1,1,1,1,1,1,1,1,1,2,2,2,2,0,3,1,3,4,0,1
367,1,1,1,1,1,1,1,1,1,1,1,1,4,2,0,2,1,0,1,4,2,8,5,5,5,5,5,5,5,5,5,0,0,0,0,0,0,1,1,1,1,1,1,1,1,1,1,1,1,1,1,1,1,2,2,2,2,1,3,1,0,2,0,2
368,1,1,1,1,1,1,1,1,1,1,1,1,4,0,0,2,1,0,1,1,2,0,5,5,5,5,5,5,5,5,5,0,0,0,0,0,0,1,1,1,1,1,1,1,1,1,1,1,1,1,1,1,1,2,2,2,2,0,3,3,3,4,0,2
369,1,1,1,1,1,1,1,1,1,1,1,1,4,0,0,2,1,0,5,4,2,0,5,5,5,5,5,5,5,5,5,0,0,0,0,0,0,1,1,1,1,1,1,1,1,1,1,1,1,1,1,1,1,2,2,2,2,1,3,1,3,2,0,2
370,1,1,1,1,1,1,1,1,1,1,1,1,4,0,0,2,1,2,5,1,2,3,5,5,5,5,5,5,5,5,5,0,0,0,0,0,0,1,1,1,1,1,1,1,1,1,1,1,1,1,1,1,1,2,2,2,2,0,3,3,3,4,0,2
371,1,1,1,1,1,1,1,1,1,1,1,1,4,0,0,2,1,0,5,4,2,3,5,5,5,5,5,5,5,5,5,0,0,0,0,0,0,1,1,1,1,1,1,1,1,1,1,1,1,1,1,1,1,2,2,2,2,0,1,3,3,4,0,2
372,1,5,5,1,1,1,1,5,5,1,5,5,4,0,0,2,1,0,5,4,2,6,5,5,5,5,5,5,5,5,5,0,0,0,0,0,0,1,1,0,0,0,0,0,1,1,1,1,1,1,1,1,1,2,2,2,2,0,3,3,3,4,0,1
373,1,1,1,1,1,1,1,1,1,1,1,1,4,0,0,2,1,0,1,4,1,0,5,5,5,5,5,5,5,5,5,0,0,0,0,0,0,1,1,1,1,1,1,1,1,1,1,1,1,1,1,1,1,2,2,2,2,1,1,3,0,2,0,1
374,1,1,1,1,1,1,1,1,1,1,1,1,4,1,0,2,3,0,3,3,1,7,5,5,1,1,1,1,1,5,1,0,3,3,3,0,3,1,3,3,3,3,3,3,1,1,3,3,4,4,4,4,4,1,3,3,2,0,3,5,0,0,4,2
375,1,1,1,1,1,1,1,1,1,1,1,1,2,1,1,4,0,1,0,4,2,0,1,1,1,1,1,1,1,1,1,3,3,3,3,3,3,3,3,3,3,3,3,3,3,3,3,3,1,1,1,1,1,2,2,2,2,1,1,4,0,2,3,2
376,1,5,5,1,1,1,1,5,1,1,1,1,4,0,0,2,1,0,5,4,2,0,5,5,5,5,5,5,5,5,5,0,0,0,0,0,0,1,1,1,1,1,1,1,1,1,1,1,1,1,1,1,1,2,2,2,2,1,3,3,0,4,0,1
377,1,1,1,1,1,1,1,1,1,1,1,1,4,0,0,2,1,0,5,1,2,3,5,5,5,5,5,5,5,5,5,0,0,0,0,0,0,1,1,1,1,1,1,1,1,1,1,1,1,1,1,1,1,2,2,2,2,0,3,3,0,4,0,6
378,1,1,1,1,1,1,1,1,1,1,1,1,4,0,0,2,1,0,1,4,2,3,5,5,5,5,5,5,5,5,5,0,0,0,0,0,0,1,1,1,1,1,1,1,1,1,1,1,1,1,1,1,1,2,2,2,2,0,3,3,3,4,0,6
379,1,1,1,1,1,1,1,1,1,1,1,1,4,0,0,2,5,0,3,3,1,6,5,5,4,4,4,4,4,5,4,0,1,1,1,0,1,1,0,0,0,0,0,0,1,1,0,0,4,4,5,4,4,2,3,3,1,0,1,5,2,0,3,1
380,1,1,1,1,1,1,1,1,1,1,1,1,0,0,0,2,1,0,0,4,4,1,5,5,5,5,5,5,5,5,5,0,0,0,0,0,0,1,1,1,1,1,1,1,1,1,1,1,1,1,1,1,1,2,2,2,2,1,1,4,3,2,0,3
381,1,1,1,1,1,1,1,1,1,1,1,1,4,0,0,2,1,0,5,4,2,3,5,5,5,5,5,5,5,5,5,0,0,0,0,0,0,1,1,1,1,1,1,1,1,1,1,1,1,1,1,1,1,2,2,0,4,0,1,3,3,4,0,1
382,1,1,1,1,1,1,1,1,1,1,1,1,4,0,0,2,1,2,5,1,5,3,5,5,5,5,5,5,5,5,5,0,0,0,0,0,0,1,1,1,1,1,1,1,1,1,1,1,1,1,1,1,1,2,2,2,2,0,3,3,3,4,0,1
383,1,1,1,1,1,1,1,1,1,1,1,1,4,0,0,2,1,0,5,4,2,0,5,5,5,5,5,5,5,5,5,0,0,0,0,0,0,1,1,1,1,1,1,1,1,1,1,1,1,1,1,1,1,2,2,2,2,0,3,4,0,2,4,2
384,1,1,1,1,1,1,1,1,1,1,1,1,4,0,0,2,1,0,5,4,2,0,5,5,4,4,4,4,4,5,4,0,0,1,1,0,1,1,1,0,1,0,0,0,1,1,0,0,1,1,1,1,1,2,1,3,4,0,3,3,3,4,0,1
385,1,5,5,1,1,1,1,5,5,1,5,5,4,0,0,2,1,0,1,1,2,6,5,5,5,5,5,5,5,5,5,0,0,0,0,0,0,1,1,1,1,1,1,1,1,1,1,1,1,1,1,1,1,2,2,2,2,1,3,3,0,2,2,2
386,1,1,1,1,1,1,1,1,1,1,1,1,4,0,0,2,1,0,5,4,2,3,5,5,5,5,5,5,5,5,5,0,0,0,0,0,0,1,1,1,1,1,1,1,1,1,1,1,1,1,1,1,1,2,2,2,2,1,1,3,0,2,0,2
387,1,2,4,1,1,4,1,5,4,2,4,2,4,0,0,2,1,0,3,3,1,7,5,5,3,3,3,3,3,5,3,0,4,4,4,0,4,1,4,4,4,4,4,4,1,1,4,4,4,2,4,2,2,2,3,3,4,0,3,5,0,0,4,2
388,1,1,1,1,1,1,1,1,1,1,1,1,4,0,0,2,1,0,1,4,1,6,5,5,5,5,5,5,5,5,5,0,0,0,0,0,0,1,1,1,1,1,1,1,1,1,1,1,1,1,1,1,1,2,2,2,2,1,1,3,0,2,3,2
389,1,1,1,1,1,1,1,1,1,1,1,1,4,0,0,2,1,2,5,1,5,3,5,5,5,5,5,5,5,5,5,0,0,0,0,0,0,1,1,1,1,1,1,1,1,1,1,1,1,1,1,1,1,2,2,2,2,1,3,3,3,4,0,2
390,1,1,1,1,1,1,1,1,1,1,1,1,2,1,1,4,0,1,0,4,1,0,5,5,5,5,5,5,5,5,5,0,0,0,0,0,0,1,1,1,1,1,1,1,1,1,1,1,1,1,1,1,1,2,2,2,2,1,1,4,0,2,4,2
391,1,5,5,1,1,1,1,5,5,1,5,5,4,1,0,0,3,0,3,3,4,0,5,5,1,1,1,1,1,5,1,0,3,3,3,0,3,1,1,3,3,3,1,3,1,1,3,3,1,2,4,2,1,1,0,3,2,1,1,5,0,0,4,2
392,1,1,1,1,1,1,1,1,1,1,1,1,4,0,0,2,3,2,5,1,3,3,5,5,5,5,5,5,5,5,5,0,0,0,0,0,0,1,1,1,1,1,1,1,1,1,1,1,1,1,1,1,1,2,2,2,2,0,3,1,3,4,0,1
393,1,1,4,1,1,1,1,4,2,1,2,1,4,0,0,2,1,0,5,4,2,0,5,5,5,5,5,5,5,5,5,0,0,0,0,0,0,1,1,1,1,1,1,1,1,1,1,1,1,1,4,1,1,2,2,2,2,1,3,4,0,2,3,3
394,1,1,1,1,1,1,1,1,1,1,1,1,4,0,0,2,1,0,1,4,2,6,5,5,5,5,5,5,5,5,5,0,0,0,0,0,0,1,1,0,3,3,3,3,1,1,0,0,1,1,1,1,1,2,2,2,2,0,3,1,3,4,0,1
395,1,1,1,1,1,1,1,1,1,1,1,1,2,3,1,4,0,1,0,4,1,0,5,5,5,5,5,5,5,5,5,0,3,3,3,0,3,1,1,3,3,3,3,3,1,1,3,3,1,1,1,1,1,2,2,2,2,1,3,4,0,2,5,3
396,1,1,1,1,1,1,1,1,1,1,1,1,2,1,1,0,7,1,0,4,2,0,5,5,5,5,5,5,5,5,5,0,0,4,4,4,4,1,4,4,4,4,4,4,1,1,4,4,1,1,1,1,1,2,1,3,2,0,1,3,3,2,3,3
397,1,1,1,1,1,1,1,1,1,1,1,1,4,0,0,2,5,0,3,3,1,6,5,5,5,5,5,5,5,5,5,0,3,3,3,0,3,1,3,3,3,3,3,3,1,1,3,3,1,1,1,1,1,2,3,3,2,0,3,5,2,0,3,1
398,1,1,1,1,1,1,1,1,1,1,1,1,4,0,0,2,1,0,5,4,2,3,5,5,5,5,5,5,5,5,5,0,0,0,0,0,0,1,1,1,1,1,1,1,1,1,1,1,1,1,1,1,1,2,3,3,2,0,3,1,0,2,0,2
399,1,1,1,1,1,1,1,1,1,1,1,1,4,0,0,2,1,0,5,4,2,6,5,5,5,5,5,5,5,5,5,0,0,0,0,0,0,1,1,1,1,1,1,1,1,1,1,1,1,1,1,1,1,2,3,3,3,0,1,4,0,2,2,2
400,1,5,5,1,1,1,1,5,5,1,5,5,4,0,0,2,1,0,1,4,2,3,5,5,5,5,5,5,5,5,5,0,0,0,0,0,0,1,1,1,1,1,1,1,1,1,1,1,1,1,1,1,1,2,1,3,1,1,1,3,0,2,0,2
401,1,1,1,1,1,1,1,1,1,1,1,1,4,0,0,2,1,0,5,4,2,0,5,5,5,5,5,5,5,5,5,0,0,0,0,0,0,1,1,1,1,1,1,1,1,1,1,1,1,1,1,1,1,2,2,2,2,0,3,3,0,2,3,2
402,1,1,1,1,1,1,1,1,1,1,1,1,4,0,0,2,1,2,5,1,5,3,5,5,5,5,5,5,5,5,5,0,0,0,0,0,0,1,1,1,1,1,1,1,1,1,1,1,1,1,1,1,1,2,1,3,2,0,3,1,3,4,0,1
403,1,5,5,1,1,1,1,5,5,1,5,5,4,1,0,2,1,0,5,4,1,6,5,5,5,5,5,5,5,5,5,0,0,0,0,0,0,1,1,0,0,3,3,3,1,1,1,1,1,1,1,1,1,2,2,2,2,0,1,3,0,2,0,2
404,1,1,1,1,1,1,1,1,1,1,1,1,4,0,0,2,1,0,5,1,2,0,5,5,5,5,5,5,5,5,5,0,0,0,0,0,0,1,1,3,3,3,3,3,1,1,3,3,1,1,1,1,1,2,2,2,2,1,3,1,0,2,0,1
405,1,2,4,1,2,2,1,4,4,2,4,2,4,0,0,2,3,0,3,3,1,7,5,5,3,3,3,3,3,5,3,0,4,4,4,0,4,1,4,4,4,4,4,4,1,1,4,4,2,2,4,2,2,2,3,3,2,0,3,5,2,0,4,2
406,1,1,1,1,1,1,1,1,1,1,1,1,2,3,1,4,0,1,0,4,1,0,1,1,1,1,1,1,1,1,1,3,3,3,3,3,3,3,3,3,3,3,3,3,3,3,3,3,1,1,1,1,1,3,3,3,3,1,1,4,0,2,2,3
407,1,1,1,1,1,1,1,1,1,1,1,1,4,0,0,2,1,0,5,1,2,3,5,5,5,5,5,5,5,5,5,0,0,0,0,0,0,1,1,1,1,1,1,1,1,1,1,1,1,1,1,1,1,2,2,2,2,1,3,1,3,4,0,6
408,1,1,1,1,1,1,1,1,1,1,1,1,4,0,0,0,7,0,3,3,1,3,5,5,1,1,1,1,1,5,1,0,3,3,3,0,3,1,3,3,3,3,3,3,1,1,3,3,1,1,1,1,1,2,3,3,2,0,3,5,0,0,6,1
409,1,1,1,1,1,1,1,1,1,1,1,1,4,0,0,2,1,0,1,1,1,8,5,5,5,5,5,5,5,5,5,0,0,0,0,0,0,1,1,1,1,1,1,1,1,1,1,1,1,1,1,1,1,2,2,2,2,0,3,1,3,4,0,1
410,1,1,1,1,1,1,1,1,1,1,1,1,4,0,0,2,5,0,1,1,1,6,5,5,5,5,5,5,5,5,5,0,0,0,0,0,0,1,1,1,1,1,1,1,1,1,1,1,1,1,1,1,1,2,2,2,2,0,1,1,3,4,0,6
411,1,1,1,1,1,1,1,1,1,1,1,1,4,0,0,2,1,0,5,4,2,0,5,5,5,5,5,5,5,5,5,0,0,0,0,0,0,1,1,1,1,1,1,1,1,1,1,1,1,1,1,1,1,2,2,2,2,0,3,1,3,4,0,6
412,1,1,1,1,1,1,1,1,1,1,1,1,4,0,0,2,1,0,5,1,2,0,5,5,5,5,5,5,5,5,5,0,0,0,0,0,0,1,1,1,1,1,1,1,1,1,1,1,1,1,1,1,1,2,2,2,2,0,1,3,3,4,2,1
413,1,1,1,1,1,1,1,1,1,1,1,1,4,3,0,2,1,0,5,1,2,3,5,5,5,5,5,5,5,5,5,0,0,0,0,0,0,1,1,3,3,3,3,3,1,1,1,1,1,1,1,1,1,2,2,2,2,0,3,3,3,4,0,6
414,1,1,1,1,1,1,1,1,1,1,1,1,4,0,0,2,1,2,5,4,3,3,5,5,5,5,5,5,5,5,5,0,0,0,0,0,0,1,1,1,1,1,1,1,1,1,1,1,1,1,1,1,1,2,2,2,2,1,3,3,3,2,0,3
415,1,2,2,1,2,2,1,2,2,2,2,2,4,0,0,2,1,0,5,4,2,0,5,5,5,5,5,5,5,5,5,0,0,0,0,0,0,1,1,1,1,3,3,3,1,1,1,1,1,1,1,1,1,2,2,2,2,0,3,1,3,2,3,3
416,1,5,5,1,1,1,1,5,5,5,5,5,4,0,0,2,1,0,5,4,2,0,5,5,5,5,5,5,5,5,5,0,0,0,0,0,0,1,1,1,1,1,1,1,1,1,1,1,1,1,1,1,1,2,2,3,2,0,1,4,0,2,2,2
417,1,1,1,1,1,1,1,1,1,1,1,1,4,0,0,2,3,0,3,3,1,6,5,5,1,1,1,1,1,5,1,0,3,3,3,0,3,1,3,3,3,3,3,3,1,1,3,3,1,1,1,1,1,2,3,3,3,0,1,5,0,0,5,2
418,1,1,1,1,1,1,1,1,1,1,1,1,4,0,0,2,1,0,5,1,2,0,5,5,5,5,5,5,5,5,5,0,0,0,0,0,0,1,1,1,1,1,1,1,1,1,1,1,1,1,1,1,1,2,2,2,2,1,3,1,0,2,0,1
419,1,4,4,1,1,1,1,4,4,1,4,1,4,0,0,2,1,0,5,4,2,3,5,5,5,5,5,5,5,5,5,0,0,0,0,0,0,1,1,1,1,1,1,1,1,1,1,1,1,1,1,1,1,2,2,2,2,0,3,4,0,2,3,3
420,1,1,1,1,1,1,1,1,1,1,1,1,4,0,0,2,1,0,5,4,2,3,5,5,5,5,5,5,5,5,5,0,0,0,0,0,0,1,1,1,1,1,1,1,1,1,1,1,1,1,1,1,1,2,1,3,2,0,3,4,0,2,0,1
421,1,1,1,1,1,1,1,1,1,1,1,1,4,0,0,2,1,0,5,4,2,0,5,5,5,5,5,5,5,5,5,0,0,0,0,0,0,1,1,1,1,1,1,1,1,1,1,1,1,1,1,1,1,2,3,3,2,0,1,4,0,2,3,1
422,1,1,1,1,1,1,1,5,5,1,5,1,4,0,0,2,1,0,5,4,1,0,5,5,5,5,5,5,5,5,5,0,0,0,0,0,0,1,1,1,1,1,1,1,1,1,1,1,1,1,1,1,1,2,2,2,2,1,3,1,3,2,0,3
423,1,1,1,1,1,1,1,1,1,1,1,1,2,1,1,4,0,1,0,4,1,0,5,5,5,5,5,5,5,5,5,0,0,0,0,0,0,1,1,1,1,1,1,1,1,1,1,1,1,1,1,1,1,2,2,2,2,0,1,4,3,2,4,4
424,1,1,1,1,1,1,1,1,1,1,1,1,2,1,1,4,0,1,0,4,2,3,5,5,5,5,5,5,5,5,5,0,0,0,0,0,0,1,1,1,1,1,1,1,1,1,1,1,1,1,1,1,1,2,2,2,2,0,3,3,0,2,0,1
425,1,1,1,1,1,1,1,1,1,1,1,1,2,1,1,4,0,1,0,4,2,8,5,5,5,5,5,5,5,5,5,0,0,0,0,0,0,1,1,1,1,1,1,1,1,1,1,1,1,1,1,1,1,2,2,2,2,1,1,3,0,2,2,4
426,1,1,1,1,1,1,1,1,1,1,1,1,4,0,0,2,1,0,5,4,2,0,5,5,5,5,5,5,5,5,5,0,0,0,0,0,0,1,1,1,1,1,1,1,1,1,1,1,1,1,1,1,1,2,2,3,2,1,3,3,0,2,3,3
427,1,5,4,1,1,1,1,5,5,1,4,2,4,0,0,2,1,2,1,1,3,3,5,5,5,5,5,5,5,5,5,0,0,0,0,0,0,1,1,3,3,3,3,3,1,1,1,1,1,1,1,1,1,2,2,2,2,0,3,1,3,4,0,1
428,1,1,1,1,1,1,1,1,1,1,1,1,2,1,1,4,0,1,0,4,1,6,5,5,5,5,5,5,5,5,5,0,1,1,1,0,1,1,1,3,3,3,3,3,1,1,3,3,1,1,1,1,1,2,2,2,2,0,1,4,3,2,3,4
429,1,1,1,1,1,1,1,1,1,1,1,1,4,0,0,2,1,0,1,1,2,0,5,5,5,5,5,5,5,5,5,0,0,0,0,0,0,1,1,1,1,1,1,1,1,1,1,1,1,1,1,1,1,2,2,2,2,0,1,1,0,2,0,2
430,1,1,1,1,1,1,1,1,1,1,1,1,4,0,0,2,1,0,5,4,2,3,5,5,5,5,5,5,5,5,5,0,0,0,0,0,0,1,1,1,1,1,1,1,1,1,1,1,1,1,1,1,1,2,2,2,2,0,3,3,0,2,4,2
431,1,1,1,1,1,1,1,1,1,1,1,1,4,0,0,2,3,0,3,3,1,0,5,5,5,5,5,5,5,5,5,0,0,0,0,0,0,1,1,1,1,1,1,1,1,1,1,1,1,1,1,1,1,2,3,3,2,0,3,5,0,0,5,2
432,1,1,1,1,1,1,1,1,1,1,1,1,4,0,0,2,1,0,5,4,2,3,5,5,5,5,5,5,5,5,5,0,0,0,0,0,0,1,1,1,1,1,1,1,1,1,1,1,1,1,1,1,1,2,2,2,2,1,3,1,3,2,0,2
433,1,1,1,1,1,1,1,1,1,1,1,1,4,0,0,2,1,0,1,4,2,0,5,5,5,5,5,5,5,5,5,0,0,0,0,0,0,1,1,1,1,1,1,1,1,1,1,1,1,1,1,1,1,2,2,2,2,0,1,3,3,2,0,2
434,1,1,1,1,1,1,1,1,1,1,1,1,4,0,0,2,1,0,1,1,2,3,5,5,5,5,5,5,5,5,5,0,0,0,0,0,0,1,1,1,1,1,1,1,1,1,1,1,1,1,1,1,1,2,2,2,2,0,3,3,0,2,0,2
435,1,1,1,1,1,1,1,1,1,1,1,1,4,0,0,2,1,0,1,1,2,3,5,5,5,5,5,5,5,5,5,0,0,0,0,0,0,1,1,1,1,1,1,1,1,1,1,1,5,5,5,5,5,2,2,2,2,0,1,3,3,4,0,6
436,1,1,1,1,1,1,1,1,1,1,1,1,4,0,0,2,1,0,1,4,1,0,5,5,5,5,5,5,5,5,5,0,0,0,0,0,0,1,1,1,1,1,1,1,1,1,1,1,1,1,1,1,1,2,3,3,2,1,3,3,0,2,3,2
437,1,1,1,1,1,1,1,1,1,1,1,1,4,0,0,2,1,0,1,4,2,6,5,5,5,5,5,5,5,5,5,0,0,0,0,0,0,1,1,1,1,1,1,1,1,1,1,1,1,1,1,1,1,2,2,2,2,0,3,1,0,2,0,1
438,1,1,1,1,1,1,1,1,1,1,1,1,0,1,0,2,1,0,1,1,5,3,5,5,5,5,5,5,5,5,5,0,0,0,0,0,0,1,1,1,1,1,1,1,1,1,1,1,1,1,1,1,1,2,2,2,2,0,3,3,3,4,3,1
439,1,1,1,1,1,1,1,1,1,1,1,1,2,1,1,4,0,1,0,4,2,0,5,5,5,5,5,5,5,5,5,0,0,0,0,0,0,1,1,1,1,3,3,3,1,1,3,3,5,5,5,5,5,2,2,2,2,1,1,4,3,2,2,3
440,1,1,1,1,1,1,1,1,1,1,1,1,2,3,1,2,1,0,1,1,2,6,5,5,5,5,5,5,5,5,5,0,0,0,0,0,0,1,1,1,1,1,1,1,1,1,1,1,1,1,1,1,1,2,2,2,2,0,3,3,0,2,0,2
441,1,1,1,1,1,1,1,1,1,1,1,1,4,0,0,2,1,0,5,4,3,0,5,5,5,5,5,5,5,5,5,0,0,0,0,0,0,1,1,1,1,1,1,1,1,1,1,1,1,1,1,1,1,2,3,3,2,1,1,4,0,2,4,2
442,1,1,1,1,1,1,1,1,1,1,1,1,4,0,0,2,1,0,1,4,2,0,5,5,5,5,5,5,5,5,5,0,0,0,0,0,0,1,1,1,1,1,1,1,1,1,1,1,1,1,1,1,1,2,2,2,2,0,1,3,3,2,3,2
443,1,1,1,1,1,1,1,1,1,1,1,1,2,0,0,4,0,1,0,4,2,0,5,5,5,5,5,5,5,5,5,0,0,0,0,0,0,1,1,1,1,1,1,1,1,1,1,1,1,1,1,1,1,2,2,2,2,1,1,3,0,2,2,3
444,1,1,1,1,1,1,1,1,1,1,1,1,4,0,0,2,1,0,5,1,1,6,5,5,5,5,5,5,5,5,5,0,0,0,0,0,0,1,1,1,1,1,1,1,1,1,1,1,1,1,1,1,1,2,2,2,2,0,3,1,3,4,0,6
445,1,1,1,1,1,1,1,1,1,1,1,1,4,0,0,2,1,0,5,4,1,0,5,5,5,5,5,5,5,5,5,0,0,0,0,0,0,1,1,1,1,1,1,1,1,1,1,1,1,1,1,1,1,2,2,2,2,0,1,4,0,2,3,3
446,1,1,1,1,1,1,1,1,1,1,1,1,4,1,0,2,1,0,5,4,2,3,5,5,5,5,5,5,5,5,5,0,0,0,0,0,0,1,1,3,3,3,3,3,1,1,1,1,1,1,1,1,1,2,2,2,2,1,1,4,0,2,3,2
447,1,5,5,1,1,1,1,5,5,1,5,5,4,0,0,2,1,0,5,1,1,0,5,5,5,5,5,5,5,5,5,0,0,0,0,0,0,1,1,0,0,0,0,0,1,1,0,0,1,1,4,1,1,2,1,3,2,0,3,3,0,2,0,1
448,1,1,1,1,1,1,1,1,1,1,1,1,2,1,1,4,0,1,0,4,2,0,5,5,5,5,5,5,5,5,5,0,0,0,0,0,0,1,1,1,1,1,1,1,1,1,1,1,1,1,1,1,1,2,2,2,2,0,3,4,3,2,3,3
449,1,1,1,1,1,1,1,1,1,1,1,1,2,1,1,4,0,1,0,4,2,3,5,5,5,5,5,5,5,5,5,0,0,0,0,0,0,1,1,1,1,1,1,1,1,1,1,1,1,1,1,1,1,2,2,2,2,1,1,4,0,2,0,2
450,1,1,1,1,1,1,1,1,1,1,1,1,2,3,1,0,7,1,0,4,1,0,5,5,5,5,5,5,5,5,5,0,0,0,0,0,0,1,1,1,1,1,1,1,1,1,1,1,1,1,1,1,1,2,2,2,2,1,1,3,0,2,3,3
451,1,1,1,1,1,1,1,1,1,1,1,1,2,1,1,4,0,1,0,4,5,8,1,1,1,1,1,1,1,1,1,3,3,3,3,3,3,3,3,3,3,3,3,3,3,3,3,3,1,1,1,1,1,2,2,2,2,1,1,4,0,5,3,3
452,1,1,1,1,1,1,1,1,1,1,1,1,4,0,0,2,1,2,5,1,3,3,5,5,5,5,5,5,5,5,5,0,0,0,0,0,0,1,1,1,1,1,1,1,1,1,1,1,1,1,1,1,1,2,2,2,2,0,3,1,0,1,3,6
453,1,1,1,1,1,1,1,1,1,1,1,1,4,0,0,2,1,0,5,4,2,6,5,5,5,5,5,5,5,5,5,0,0,0,0,0,0,1,1,1,1,1,1,1,1,1,1,1,1,1,1,1,1,2,2,2,2,0,3,3,0,2,0,1
454,1,1,1,1,1,1,1,1,1,1,1,1,2,1,1,4,0,1,0,4,1,3,5,5,5,5,5,5,5,5,5,0,0,0,0,0,0,1,1,0,0,0,3,3,1,1,0,0,1,1,1,1,1,2,2,2,2,0,1,4,0,2,0,4
455,1,1,1,1,1,1,1,1,1,1,1,1,2,3,1,4,0,1,0,4,2,8,5,5,5,5,5,5,5,5,5,0,0,0,0,0,0,1,1,1,1,1,1,1,1,1,1,1,1,1,1,1,1,2,2,2,2,0,3,3,3,2,3,4
456,1,1,1,1,1,1,1,1,1,1,1,1,4,0,0,2,1,0,1,1,3,3,5,5,5,5,5,5,5,5,5,0,0,0,0,0,0,1,1,1,1,1,1,1,1,1,1,1,1,1,1,1,1,2,2,2,2,0,3,3,3,4,0,1
457,1,1,1,1,1,1,1,1,1,1,1,1,4,0,0,2,1,0,1,4,2,6,5,5,5,5,5,5,5,5,5,0,0,0,0,0,0,1,1,1,1,1,1,1,1,1,1,1,1,1,1,1,1,2,2,2,2,0,3,1,0,2,3,2
458,1,5,5,1,2,1,1,5,4,2,4,4,2,1,1,4,0,1,1,4,2,3,5,5,5,5,5,5,5,5,5,0,0,0,0,0,0,1,1,0,1,3,3,3,1,1,0,0,1,1,1,1,1,2,2,2,2,1,3,3,0,2,2,2
459,1,1,4,1,1,1,1,4,1,1,5,2,4,0,0,2,1,0,5,4,1,0,5,5,5,5,5,5,5,5,5,0,0,0,0,0,0,1,1,1,1,1,1,1,1,1,1,1,1,1,1,1,1,2,3,3,2,1,1,3,0,2,0,1
460,1,1,1,1,1,1,1,1,1,1,1,1,4,1,0,2,3,0,3,3,1,7,5,5,5,5,5,5,5,5,5,0,0,0,0,0,0,1,1,1,1,1,1,1,1,1,1,1,1,1,1,1,1,1,3,3,2,0,1,5,0,0,5,2
461,1,2,1,1,1,1,1,2,2,2,2,2,4,0,0,2,3,0,5,1,1,8,5,5,5,5,5,5,5,5,5,0,0,0,0,0,0,1,1,1,1,1,1,1,1,1,1,1,1,1,1,1,1,2,2,2,2,0,1,8,0,4,0,6
462,1,1,1,1,1,1,1,1,1,1,1,1,2,1,0,0,0,1,0,4,1,8,5,5,5,5,5,5,5,5,5,0,0,0,0,0,0,1,1,3,3,3,3,3,1,1,3,3,1,1,1,1,1,2,2,2,2,0,1,1,3,2,0,2
463,1,1,1,1,1,1,1,1,1,1,1,1,4,0,0,2,7,0,3,3,2,6,5,5,5,5,5,5,5,5,5,0,0,0,0,0,0,1,1,1,1,1,1,1,1,1,1,1,5,5,5,5,5,1,3,3,1,1,3,5,0,0,4,2
464,1,5,5,1,1,1,1,5,5,1,5,5,4,3,0,2,1,0,5,4,2,6,5,5,5,5,5,5,5,5,5,0,0,0,0,0,0,1,1,3,3,3,3,3,1,1,3,3,1,1,1,1,1,2,0,3,1,0,1,4,0,2,0,1
465,1,2,4,2,2,2,2,4,4,2,4,2,4,2,0,2,1,0,1,4,1,3,5,5,5,5,5,5,5,5,5,0,0,0,0,0,0,1,1,0,1,0,0,0,1,1,0,0,1,1,4,1,1,2,2,2,2,0,3,4,0,2,3,2
466,1,1,1,1,1,1,1,1,1,1,1,1,4,0,0,2,1,0,1,4,1,0,5,5,5,5,5,5,5,5,5,0,0,0,0,0,0,1,1,1,1,1,1,1,1,1,1,1,1,1,1,1,1,2,2,2,2,1,3,4,2,1,3,6
467,1,1,1,1,1,1,1,1,1,1,1,1,4,0,0,2,1,0,5,4,2,0,5,5,5,5,5,5,5,5,5,0,0,0,0,0,0,1,1,1,1,1,3,3,1,1,1,1,1,1,1,1,1,2,2,2,2,0,3,4,0,2,2,1
468,1,1,1,1,1,1,1,1,1,1,1,1,4,0,0,2,1,0,5,1,1,3,5,5,5,5,5,5,5,5,5,0,0,0,0,0,0,1,1,1,0,0,0,0,1,1,0,0,1,1,1,1,1,2,2,2,2,1,1,1,3,4,0,6
469,1,1,1,1,1,1,1,1,1,1,1,1,2,4,1,4,0,1,0,4,5,8,1,1,1,1,1,1,1,1,1,3,3,3,3,3,3,3,3,3,3,3,3,3,3,3,3,3,1,1,1,1,1,2,2,2,2,1,1,4,0,5,3,3
470,1,1,1,1,1,1,1,1,1,1,1,1,4,0,0,2,1,0,5,4,2,6,5,5,5,5,5,5,5,5,5,0,0,0,0,0,0,1,1,1,1,1,1,1,1,1,1,1,1,1,1,1,1,2,2,2,2,0,3,3,0,2,0,2
471,1,1,1,1,1,1,1,1,1,1,1,1,4,0,0,2,1,0,5,4,2,0,5,5,5,5,5,5,5,5,5,0,0,0,0,0,0,1,1,1,1,1,1,1,1,1,1,1,1,1,1,1,1,2,2,2,2,0,3,3,0,2,0,1
472,1,1,1,1,1,1,1,1,1,1,1,1,4,0,0,2,1,0,5,4,2,3,5,5,5,5,5,5,5,5,5,0,0,0,0,0,0,1,1,1,1,1,1,1,1,1,1,1,1,1,1,1,1,2,2,2,2,0,3,3,0,2,0,2
473,1,1,1,1,1,1,1,1,1,1,1,1,4,0,0,2,1,2,1,1,3,3,5,5,5,5,5,5,5,5,5,0,0,0,0,0,0,1,1,1,1,1,1,1,1,1,1,1,1,1,1,1,1,2,2,2,2,1,3,3,3,4,0,1
474,1,5,5,1,1,1,1,5,5,1,5,5,2,1,1,4,0,1,2,4,1,3,5,5,5,5,5,5,5,5,5,0,0,0,0,0,0,1,1,1,1,0,0,3,1,1,4,4,1,1,1,1,1,2,2,2,2,0,3,4,3,2,4,4
475,1,1,1,1,1,1,1,1,1,1,1,1,4,0,0,2,1,0,5,4,2,3,5,5,5,5,5,5,5,5,5,0,0,0,0,0,0,1,1,1,1,1,1,1,1,1,1,1,1,1,1,1,1,2,3,3,2,1,3,4,0,2,3,2
476,1,1,1,1,1,1,1,1,1,1,1,1,4,0,0,2,1,0,1,4,2,0,5,5,5,5,5,5,5,5,5,0,0,0,0,0,0,1,1,1,1,1,1,1,1,1,1,1,1,1,1,1,1,2,0,3,1,0,3,3,3,2,2,2
477,1,5,5,1,1,1,1,5,5,1,5,5,4,0,0,2,1,2,5,1,3,3,5,5,5,5,5,5,5,5,5,0,0,0,0,0,0,1,1,1,1,1,1,1,1,1,1,1,1,1,1,1,1,2,2,2,2,0,1,1,3,4,0,1
478,1,1,1,1,1,1,1,1,1,1,1,1,2,1,1,4,0,1,0,4,1,0,5,5,5,5,5,5,5,5,5,0,0,0,0,0,0,1,1,3,1,3,3,3,1,1,4,4,1,1,1,1,1,2,2,2,2,0,3,3,0,2,3,3
479,1,1,1,1,1,1,1,1,1,1,1,1,4,0,0,2,1,0,1,1,2,3,5,5,5,5,5,5,5,5,5,0,0,0,0,0,0,1,1,1,1,1,1,1,1,1,1,1,1,1,1,1,1,2,2,2,2,1,3,3,3,4,0,6
480,1,1,1,1,1,1,1,1,1,1,1,1,2,0,0,4,0,1,0,4,2,0,5,5,5,5,5,5,5,5,5,0,0,0,0,0,0,1,1,1,1,1,1,1,1,1,1,1,1,1,1,1,1,2,2,2,2,1,3,3,0,2,2,1
481,1,1,1,1,1,1,1,1,1,1,1,1,4,0,0,2,1,0,5,4,2,0,5,5,5,5,5,5,5,5,5,0,0,0,0,0,0,1,1,1,1,1,1,1,1,1,1,1,1,1,1,1,1,2,2,2,2,0,3,3,0,2,0,1
482,1,5,5,1,1,1,1,5,5,1,5,2,2,1,1,4,0,1,0,4,2,3,5,5,5,5,5,5,5,5,5,0,0,0,0,0,0,1,1,1,1,3,3,3,1,1,3,3,1,1,1,1,1,2,2,2,2,1,3,4,3,2,3,3
483,1,1,1,1,1,1,1,1,1,1,1,1,4,0,0,2,1,2,5,1,3,3,5,5,5,5,5,5,5,5,5,0,0,0,0,0,0,1,1,1,1,1,1,1,1,1,1,1,1,1,1,1,1,2,2,2,2,0,3,3,3,4,2,1
484,1,1,1,1,1,1,1,1,1,1,1,1,2,3,1,4,0,1,0,4,1,8,5,5,1,1,5,5,5,5,5,0,0,0,0,0,0,1,1,3,3,3,3,3,1,1,3,3,1,1,1,1,1,2,2,2,2,0,3,3,3,2,3,4
485,1,1,1,1,1,1,1,1,1,1,1,1,4,1,0,2,3,0,1,1,4,0,5,5,5,5,5,5,5,5,5,0,0,0,0,0,0,1,1,1,1,0,0,0,1,1,0,0,1,1,4,1,1,2,2,2,2,1,1,3,3,4,0,6
486,1,1,1,1,1,1,1,1,1,1,1,1,4,0,0,2,1,0,5,4,2,6,5,5,5,5,5,5,5,5,5,0,0,0,0,0,0,1,1,1,1,1,1,1,1,1,1,1,1,1,1,1,1,2,1,3,4,0,3,1,0,2,0,1
487,1,5,5,1,1,1,1,5,5,1,5,5,4,1,0,2,3,0,3,3,1,7,5,5,5,5,5,5,5,5,5,0,0,0,0,0,0,1,4,4,4,4,4,4,1,1,4,4,5,5,5,5,5,2,3,3,2,1,1,5,0,0,6,2
488,1,1,1,1,1,1,1,5,5,1,2,4,4,0,0,0,7,0,3,2,4,6,5,3,3,3,3,3,3,5,3,0,4,4,4,0,4,1,4,4,4,4,4,4,1,1,4,4,4,3,4,1,2,1,0,3,4,0,3,5,2,0,5,1
489,1,1,1,1,1,1,1,1,1,1,1,1,2,1,1,4,0,1,2,4,5,8,1,1,1,1,1,1,1,1,1,3,3,3,3,3,3,3,3,3,3,3,3,3,3,3,3,3,1,1,1,1,1,3,3,3,3,1,1,3,0,5,2,3
490,1,1,1,1,1,1,1,1,1,1,1,1,4,0,0,2,1,0,1,4,2,3,5,5,5,5,5,5,5,5,5,0,0,0,0,0,0,1,1,1,1,1,1,1,1,1,1,1,1,1,1,1,1,2,1,3,2,0,3,4,0,2,4,2
491,1,1,1,1,1,1,1,1,1,1,1,1,4,1,0,2,7,0,4,4,0,1,5,5,5,5,5,5,5,5,5,0,0,0,0,0,0,1,1,1,1,1,1,1,1,1,1,1,5,5,5,5,5,2,2,2,2,1,1,1,3,2,0,0
492,1,1,1,1,1,1,1,1,1,1,1,1,1,0,0,3,0,1,2,2,0,0,5,5,5,5,5,5,5,5,5,0,0,0,0,0,0,1,1,1,1,1,1,1,1,1,1,1,1,1,1,1,1,2,2,2,2,0,3,3,3,2,2,3
493,1,1,1,1,1,1,1,1,1,1,1,1,4,0,0,2,1,0,5,4,2,0,5,5,5,5,5,5,5,5,5,0,0,0,0,0,0,1,1,1,1,1,1,1,1,1,1,1,1,1,1,1,1,2,0,3,1,0,3,3,0,2,2,2
494,1,1,1,1,1,1,1,1,1,1,1,1,4,0,0,2,1,0,1,4,1,6,5,5,5,5,5,5,5,5,5,0,0,0,0,0,0,1,1,1,1,1,1,1,1,1,1,1,1,1,1,1,1,2,2,2,2,0,3,3,0,2,2,1
495,1,1,1,1,1,1,1,1,1,1,1,1,4,0,0,2,1,2,5,1,5,3,5,5,5,5,5,5,5,5,5,0,0,0,0,0,0,1,1,1,1,1,1,1,1,1,1,1,1,1,1,1,1,2,2,2,2,1,3,3,3,4,0,1
496,1,5,5,1,1,1,1,5,5,1,5,1,4,1,0,2,1,0,1,4,2,0,5,5,5,5,5,5,5,5,5,0,0,0,0,0,0,1,1,0,2,3,3,3,1,1,1,1,1,1,1,1,1,2,2,2,2,1,1,1,0,2,0,2
497,1,1,1,1,1,1,1,1,1,1,1,1,4,0,0,2,1,0,1,4,2,8,5,5,5,5,5,5,5,5,5,0,0,0,0,0,0,1,1,1,1,1,1,1,1,1,1,1,1,1,1,1,1,2,3,3,2,0,3,4,2,2,3,1
498,1,1,1,1,1,1,1,1,1,1,1,1,2,1,1,4,0,1,0,4,1,0,5,5,5,5,5,5,5,5,5,0,0,0,0,0,0,1,1,1,1,1,1,1,1,1,1,1,1,1,1,1,1,2,2,2,2,1,1,4,3,2,4,4
499,1,1,1,1,1,1,1,1,1,1,1,1,4,0,0,2,1,0,5,1,1,8,5,5,5,5,5,5,5,5,5,0,0,0,0,0,0,1,1,1,1,1,1,1,1,1,1,1,1,1,1,1,1,2,2,2,2,1,3,8,0,4,0,6
500,1,1,1,1,1,1,1,1,1,1,1,1,4,0,0,2,1,0,1,1,2,0,5,5,5,5,5,5,5,5,5,0,0,0,0,0,0,1,1,1,1,1,1,1,1,1,1,1,1,1,1,1,1,2,2,2,2,0,1,8,0,4,0,6
501,1,1,1,1,1,1,1,1,1,1,1,1,2,1,1,4,0,1,0,4,1,0,5,5,5,5,5,5,5,5,5,0,0,0,0,0,0,1,1,1,1,1,1,1,1,1,1,1,1,1,1,1,1,2,2,2,2,1,1,3,0,2,3,3
502,1,1,1,1,1,1,1,1,1,1,1,1,4,0,0,2,1,0,1,4,2,3,5,5,5,5,5,5,5,5,5,0,0,0,0,0,0,1,1,1,1,1,1,1,1,1,1,1,1,1,1,1,1,2,2,2,2,0,3,3,0,2,3,2
503,1,1,1,1,1,1,1,1,1,1,1,1,4,0,0,2,1,2,5,1,3,3,5,5,5,5,5,5,5,5,5,0,0,0,0,0,0,1,1,1,1,1,1,1,1,1,1,1,1,1,1,1,1,2,3,3,2,0,3,1,0,4,0,1
504,1,5,5,1,1,1,1,5,5,1,5,5,2,3,1,4,0,1,0,4,1,6,5,5,5,5,5,5,5,5,5,0,0,0,0,0,0,1,1,1,1,3,3,3,1,1,1,1,1,1,1,1,1,2,2,2,2,0,1,4,3,2,2,4
505,1,1,1,1,1,1,1,1,1,1,1,1,2,1,1,4,0,1,2,4,3,8,1,1,1,1,1,1,1,1,1,3,3,3,3,3,3,3,3,3,3,3,3,3,3,3,3,3,1,1,1,1,1,2,2,2,2,1,1,3,0,5,3,3
506,1,1,1,1,1,1,1,1,1,1,1,1,4,0,0,2,1,0,1,4,2,0,5,5,5,5,5,5,5,5,5,0,0,0,0,0,0,1,1,1,1,1,1,1,1,1,1,1,1,1,1,1,1,2,2,2,2,0,3,1,0,2,0,2
507,1,1,1,1,1,1,1,1,1,1,1,1,4,0,0,2,1,0,5,4,3,3,5,5,5,5,5,5,5,5,5,0,0,0,0,0,0,1,1,1,1,1,1,1,1,1,1,1,1,1,1,1,1,2,2,2,2,0,1,3,0,2,3,3
508,1,5,5,1,1,1,1,5,5,1,5,5,2,1,1,4,0,1,0,4,2,0,5,5,5,5,5,5,5,5,5,0,0,0,0,0,0,1,1,1,1,1,1,1,1,1,1,1,1,1,1,1,1,2,2,2,2,0,3,3,0,2,0,2
509,1,1,1,1,1,1,1,1,1,1,1,1,4,0,0,2,1,0,1,4,2,1,5,5,5,5,5,5,5,5,5,0,0,0,0,0,0,1,1,1,1,1,1,1,1,1,1,1,1,1,1,1,1,2,3,3,2,0,1,3,0,2,5,2
510,1,1,1,1,1,1,1,1,1,1,1,1,4,0,0,2,1,2,5,1,5,3,5,5,5,5,5,5,5,5,5,0,0,0,0,0,0,1,1,1,1,1,1,1,1,1,1,1,1,1,1,1,1,2,2,2,2,1,1,1,0,4,0,1
511,1,1,1,1,1,1,1,1,1,1,1,1,4,0,0,2,1,0,5,4,2,0,5,5,5,5,5,5,5,5,5,0,0,0,0,0,0,1,1,1,1,1,1,1,1,1,1,1,1,1,1,1,1,2,2,2,2,0,3,3,0,2,0,2
512,1,5,1,1,1,1,1,5,5,1,5,5,4,0,0,2,1,0,5,4,2,0,5,5,5,5,5,5,5,5,5,0,0,0,0,0,0,1,1,1,1,1,1,1,1,1,1,1,1,1,1,1,1,2,3,3,2,0,3,3,3,2,0,2
513,1,1,1,1,1,1,1,1,1,1,1,1,4,0,0,2,1,0,5,1,2,3,5,5,5,5,5,5,5,5,5,0,0,0,0,0,0,1,1,1,1,1,1,1,1,1,1,1,1,1,1,1,1,2,2,2,2,0,1,3,0,2,3,2
514,1,5,5,1,1,1,1,5,5,1,5,5,4,0,0,2,1,0,5,1,1,0,5,5,5,5,5,5,5,5,5,0,0,0,0,0,0,1,1,1,1,1,1,1,1,1,1,1,1,1,1,1,1,2,2,2,2,0,1,8,0,4,0,6
515,1,1,1,1,1,1,1,1,1,1,1,1,4,0,0,2,1,0,5,1,1,8,5,5,5,5,5,5,5,5,5,0,0,0,0,0,0,1,1,1,1,1,1,1,1,1,1,1,1,1,1,1,1,2,2,2,2,1,3,8,0,4,0,6
516,1,1,1,1,1,1,1,1,1,1,1,1,4,0,0,2,1,0,5,4,2,0,5,5,5,5,5,5,5,5,5,0,0,0,0,0,0,1,1,1,1,1,1,1,1,1,1,1,1,1,1,1,1,2,2,2,2,1,3,3,0,2,0,2
517,1,4,3,1,2,2,1,4,4,2,4,4,2,1,1,4,0,1,0,4,2,3,5,5,5,5,5,5,5,5,5,0,0,0,0,0,0,1,1,0,0,0,3,3,1,1,0,0,1,1,1,1,1,2,1,3,2,1,1,4,3,2,3,4
518,1,1,1,1,1,1,1,1,1,1,1,1,4,1,0,2,1,0,5,4,2,0,5,5,5,5,5,5,5,5,5,0,0,0,0,0,0,1,1,1,1,1,1,1,1,1,1,1,1,1,1,1,1,2,2,2,2,0,1,3,0,2,2,3
519,1,1,1,1,1,1,1,1,1,1,1,1,2,3,1,4,0,1,0,4,2,6,5,5,5,5,5,5,5,5,5,0,0,0,0,0,0,1,1,1,1,1,1,1,1,1,1,1,1,1,1,1,1,2,2,2,2,0,1,4,3,2,3,4
520,1,1,1,1,1,1,1,1,1,1,1,1,2,1,1,1,7,0,2,2,0,8,5,5,5,5,5,5,5,5,5,0,0,0,0,0,0,1,1,1,1,1,1,1,1,1,1,1,1,1,1,1,1,2,2,2,2,1,3,3,3,5,4,3
521,1,1,1,1,1,1,1,1,1,1,1,1,4,0,0,2,1,0,5,4,3,3,5,5,5,5,5,5,5,5,5,0,0,0,0,0,0,1,1,1,1,1,1,1,1,1,1,1,1,1,1,1,1,2,2,2,2,0,3,3,0,2,0,2
522,1,1,1,1,1,1,1,1,1,1,1,1,2,1,1,4,0,1,0,4,2,0,5,5,5,5,5,5,5,5,5,0,0,0,0,0,0,1,1,1,1,3,3,3,1,1,3,3,1,1,1,1,1,2,2,2,2,0,1,3,0,2,3,3
523,1,1,4,1,1,1,1,5,5,1,4,4,2,3,1,4,0,1,0,4,2,0,5,5,5,5,5,5,5,5,5,0,0,0,0,0,0,1,1,1,1,1,1,1,1,1,1,1,1,1,1,1,1,2,2,2,2,1,3,4,0,2,4,3
524,1,1,1,1,1,1,1,1,1,1,1,1,4,0,0,2,1,0,5,1,1,8,5,5,5,5,5,5,5,5,5,0,0,0,0,0,0,1,1,1,1,1,1,1,1,1,1,1,1,1,1,1,1,2,2,2,2,1,1,8,0,4,0,6
525,1,1,1,1,1,1,1,1,1,1,1,1,4,0,0,2,1,0,1,4,3,3,5,5,5,5,5,5,5,5,5,0,0,0,0,0,0,1,1,1,1,1,1,1,1,1,1,1,1,1,1,1,1,2,3,3,2,0,3,4,0,2,3,1
526,1,1,1,1,1,1,1,1,1,1,1,1,4,0,0,2,1,0,1,4,2,6,5,5,5,5,5,5,5,5,5,0,0,0,0,0,0,1,1,1,1,1,1,1,1,1,1,1,1,1,1,1,1,2,3,3,2,1,3,4,0,2,2,1
527,1,1,1,1,1,1,1,1,1,1,1,1,4,0,0,2,1,2,5,1,3,3,5,5,5,5,5,5,5,5,5,0,0,0,0,0,0,1,1,1,1,1,1,1,1,1,1,1,1,1,1,1,1,2,2,2,2,0,3,1,3,4,0,1
528,1,1,1,1,1,1,1,1,1,1,1,1,4,0,0,2,1,0,1,4,2,3,5,5,5,5,5,5,5,5,5,0,0,0,0,0,0,1,1,1,1,1,1,1,1,1,1,1,1,1,1,1,1,2,3,3,2,0,1,4,0,2,3,1
529,1,1,1,1,1,1,1,1,1,1,1,1,2,1,1,4,0,1,0,4,2,0,5,5,5,5,5,5,5,5,5,0,0,0,0,0,0,1,1,1,1,1,1,1,1,1,3,3,1,1,1,1,1,2,2,2,2,1,1,3,0,2,3,3
530,1,4,4,1,2,1,1,5,4,2,5,4,4,0,0,2,1,0,1,4,2,6,5,5,5,5,5,5,5,5,5,0,0,0,0,0,0,1,1,1,1,1,1,1,1,1,1,1,1,1,1,1,1,2,2,2,2,1,3,3,0,2,0,2
531,1,1,1,1,1,1,1,1,1,1,1,1,4,0,0,2,1,0,1,4,2,3,5,5,5,5,5,5,5,5,5,0,0,0,0,0,0,1,1,3,3,3,3,3,1,1,3,3,1,1,1,1,1,2,2,2,2,0,1,3,0,2,2,2
532,1,5,5,1,1,1,1,5,5,1,5,5,2,0,0,2,1,0,1,1,2,3,5,5,5,5,5,5,5,5,5,0,0,0,0,0,0,1,1,1,1,1,1,1,1,1,1,1,1,1,1,1,1,2,2,2,2,1,1,3,0,4,0,6
533,1,1,1,1,1,1,1,1,1,1,1,1,4,0,0,2,1,0,5,1,1,0,5,5,5,5,5,5,5,5,5,0,0,0,0,0,0,1,1,1,1,1,1,1,1,1,1,1,1,1,1,1,1,2,2,2,2,1,3,1,3,4,0,6
534,1,1,1,1,1,1,1,1,1,1,1,1,0,0,0,2,3,0,2,2,4,0,5,5,5,5,5,5,5,5,5,0,0,0,0,0,0,1,1,1,1,1,1,1,1,1,1,1,1,1,1,1,1,2,2,2,2,0,1,1,0,2,0,4
535,1,1,1,1,1,1,1,1,1,1,1,1,4,0,0,2,1,0,5,4,2,0,5,5,5,5,5,5,5,5,5,0,0,0,0,0,0,1,1,1,1,1,1,1,1,1,1,1,1,1,1,1,1,2,3,3,2,1,3,4,0,2,3,1
536,1,4,4,2,2,2,1,4,4,2,3,3,4,0,0,2,1,0,1,4,2,3,5,5,5,5,5,5,5,5,5,0,0,0,0,0,0,1,1,1,1,1,1,1,1,1,1,1,1,1,1,1,1,2,2,2,2,1,3,4,0,2,4,2
537,1,1,1,1,1,1,1,1,1,1,1,1,4,0,0,2,1,2,5,1,5,3,5,5,5,5,5,5,5,5,5,0,0,0,0,0,0,1,1,1,1,1,1,1,1,1,1,1,1,1,1,1,1,2,2,2,2,0,1,4,3,4,2,1
538,1,1,1,1,1,1,1,1,1,1,1,1,2,1,1,4,0,1,0,4,3,8,5,5,5,5,5,5,5,5,5,0,0,0,0,0,0,1,1,1,1,1,1,1,1,1,1,1,1,1,1,1,1,2,3,3,2,0,3,4,0,2,3,1
539,1,1,1,1,1,1,1,1,1,1,1,1,2,3,1,4,0,1,0,4,2,0,5,5,5,5,5,5,5,5,5,0,0,0,0,0,0,1,1,1,1,1,1,1,1,1,1,1,1,1,1,1,1,2,2,2,2,0,1,4,0,2,3,4
540,1,1,1,1,1,1,1,1,1,1,1,1,4,0,0,2,1,0,1,4,2,7,5,5,5,5,5,5,5,5,5,0,0,0,0,0,0,1,1,1,1,1,1,1,1,1,1,1,1,1,1,1,1,2,3,3,2,1,1,4,0,2,0,2
541,1,1,1,1,1,1,1,1,1,1,1,1,4,0,0,2,1,0,5,4,3,3,5,5,5,5,5,5,5,5,5,0,0,0,0,0,0,1,1,1,1,1,1,1,1,1,1,1,1,1,1,1,1,2,3,3,2,1,3,4,0,2,3,2
542,1,1,1,1,1,1,1,1,1,1,1,1,4,0,0,2,1,0,5,4,2,3,5,5,5,5,5,5,5,5,5,0,0,0,0,0,0,1,1,1,1,1,1,1,1,1,1,1,1,1,1,1,1,2,2,2,2,1,3,4,0,2,3,1
543,1,5,5,1,1,1,1,5,5,1,5,5,4,0,0,2,1,0,5,4,2,6,5,5,5,5,5,5,5,5,5,0,0,0,0,0,0,1,1,1,1,1,1,1,1,1,1,1,1,1,1,1,1,2,3,3,2,0,3,4,2,2,3,1
544,1,4,4,1,2,2,1,5,4,2,4,3,4,1,0,2,1,0,5,4,2,0,5,5,5,5,5,5,5,5,5,0,0,0,0,0,0,1,1,1,1,1,1,1,1,1,1,1,1,1,1,1,1,2,2,2,2,0,3,3,0,2,0,2
545,1,1,1,1,1,1,1,1,1,1,1,1,2,1,0,4,0,1,0,4,1,0,5,5,5,5,5,5,5,5,5,0,0,0,0,0,0,1,1,1,1,1,3,3,1,1,3,3,1,1,1,1,1,2,2,2,2,0,1,4,3,2,4,4
546,1,1,1,1,1,1,1,1,1,1,1,1,2,1,1,4,0,1,0,1,0,3,5,5,5,5,5,5,5,5,5,0,0,0,0,0,0,1,1,1,1,1,1,1,1,1,1,1,1,1,1,1,1,2,2,2,2,1,1,3,3,4,0,6
547,1,1,1,1,1,1,1,1,1,1,1,1,2,1,1,4,0,1,0,4,5,3,5,5,5,5,5,5,5,5,5,0,0,0,0,0,0,1,1,1,1,0,0,0,1,1,0,0,1,1,1,1,1,2,2,2,2,1,3,4,3,5,4,3
548,1,1,1,1,1,1,1,1,1,1,1,1,4,0,0,2,1,0,5,4,2,6,5,5,5,5,5,5,5,5,5,0,0,0,0,0,0,1,1,1,1,1,1,1,1,1,1,1,1,1,1,1,1,2,3,3,3,0,3,3,0,2,3,2
549,1,1,1,1,1,1,1,1,1,1,1,1,4,0,0,0,7,0,3,3,0,7,5,5,5,5,5,5,5,5,5,0,0,0,0,0,0,1,1,1,1,1,1,1,1,1,1,1,5,5,5,5,5,2,3,3,2,0,3,5,2,0,5,2
550,1,1,1,1,1,1,1,1,1,1,1,1,4,0,0,2,1,0,5,4,2,3,5,5,5,5,5,5,5,5,5,0,0,0,0,0,0,1,1,1,1,1,1,1,1,1,1,1,1,1,1,1,1,2,2,2,2,0,1,4,0,2,0,2
551,1,1,1,1,1,1,1,1,1,1,1,1,4,0,0,2,1,0,1,4,2,3,5,5,5,5,5,5,5,5,5,0,0,0,0,0,0,1,1,1,1,1,1,1,1,1,1,1,1,1,1,1,1,2,3,3,2,1,3,4,0,2,4,2
552,1,5,5,1,1,1,1,5,5,1,5,5,4,0,0,2,1,0,5,4,1,0,5,5,5,5,5,5,5,5,5,0,0,0,0,0,0,1,1,0,0,2,3,3,1,1,1,1,1,1,1,1,1,2,2,2,2,1,1,1,3,2,0,2
553,1,1,1,1,1,1,1,1,1,1,1,1,2,1,1,4,0,1,0,4,4,8,5,5,5,5,5,5,5,5,5,0,0,0,0,0,0,1,1,1,1,3,3,3,1,1,3,3,1,1,1,1,1,2,2,2,2,1,1,3,3,2,2,4
554,1,1,1,1,1,1,1,1,1,1,1,1,4,1,0,2,1,0,5,1,2,3,5,5,5,5,5,5,5,5,5,0,0,0,0,0,0,1,1,1,1,1,1,1,1,1,1,1,1,1,1,1,1,2,2,2,2,0,3,3,3,4,0,6
555,1,1,1,1,1,1,1,1,1,1,1,1,4,0,0,2,1,0,5,1,2,6,5,5,5,5,5,5,5,5,5,0,0,0,0,0,0,1,1,1,1,1,1,1,1,1,1,1,1,1,1,1,1,2,2,2,2,0,1,3,3,4,2,1
556,1,1,1,1,1,1,1,1,1,1,1,1,4,0,0,2,1,0,5,1,2,6,5,5,5,5,5,5,5,5,5,0,0,0,0,0,0,1,1,1,1,1,1,1,1,1,1,1,1,1,1,1,1,2,0,3,1,0,3,3,3,4,0,6
557,1,1,1,1,1,1,1,1,1,1,1,1,4,0,0,2,1,0,5,1,2,8,5,5,5,5,5,5,5,5,5,0,0,0,0,0,0,1,1,1,1,1,1,1,1,1,1,1,1,1,1,1,1,2,2,2,2,1,3,8,0,4,0,6
558,1,1,1,1,1,1,1,1,1,1,1,1,2,1,1,4,0,1,0,4,1,0,5,5,5,5,5,5,5,5,5,0,0,0,0,0,0,1,1,1,1,1,1,1,1,1,1,1,1,1,1,1,1,2,2,2,2,1,1,3,3,2,4,4
559,1,1,1,1,1,1,1,1,1,1,1,1,2,3,1,4,0,1,0,4,2,7,5,5,5,5,5,5,5,5,5,0,0,0,0,0,0,1,1,1,1,3,3,3,1,1,3,3,1,1,1,1,1,2,2,2,2,0,1,4,4,2,0,0
560,1,1,1,1,1,1,1,1,1,1,1,1,2,1,1,4,7,1,0,4,2,6,5,5,5,5,5,5,5,5,5,0,0,0,0,0,0,1,1,1,1,1,1,1,1,1,1,1,1,1,1,1,1,2,2,2,2,0,3,3,3,2,0,3
561,1,1,1,1,1,1,1,1,1,1,1,1,4,1,0,2,1,2,5,1,3,3,5,5,5,5,5,5,5,5,5,0,0,0,0,0,0,1,1,1,1,1,1,1,1,1,1,1,1,1,1,1,1,2,2,2,2,0,1,3,3,4,0,1
562,1,1,1,1,1,1,1,1,1,1,1,1,4,0,0,2,3,0,5,1,4,6,5,5,5,5,5,5,5,5,5,0,0,0,0,0,0,1,1,1,1,1,1,1,1,1,1,1,1,1,1,1,1,2,2,2,2,0,3,8,0,4,0,6
563,1,1,1,1,1,1,1,1,1,1,1,1,2,1,1,4,0,1,0,4,1,0,5,5,5,5,5,5,5,5,5,0,0,0,0,0,0,1,1,1,1,3,3,3,1,1,3,3,1,1,1,1,1,2,2,2,2,1,1,3,0,2,0,4
564,1,1,1,1,1,1,1,1,1,1,1,1,4,0,0,2,1,0,5,1,2,3,5,5,5,5,5,5,5,5,5,0,0,0,0,0,0,1,1,1,1,1,1,1,1,1,1,1,1,1,1,1,1,2,2,2,2,1,3,8,0,4,0,6
565,1,1,1,1,1,1,1,1,1,1,1,1,2,3,1,4,0,1,2,4,2,0,5,5,5,5,5,5,5,5,5,0,0,0,0,0,0,1,1,1,1,1,1,1,1,1,1,1,1,1,1,1,1,2,2,2,2,0,1,3,3,2,3,4
566,1,5,5,1,1,1,1,5,5,1,5,5,4,1,0,2,1,0,1,4,1,6,5,5,5,5,5,5,5,5,5,0,0,0,0,0,0,1,1,1,1,1,1,1,1,1,1,1,1,1,1,1,1,2,3,3,2,0,3,1,0,2,0,2
567,1,1,1,1,1,1,1,1,1,1,1,1,4,0,0,2,1,2,1,1,5,3,5,5,5,5,5,5,5,5,5,0,0,0,0,0,0,1,1,1,1,1,1,1,1,1,1,1,1,1,1,1,1,2,2,2,2,1,3,3,3,4,0,1
568,1,1,1,1,1,1,1,1,1,1,1,1,2,1,1,4,0,1,2,4,2,8,1,1,1,1,1,1,1,1,1,3,3,3,3,3,3,3,3,3,3,3,3,3,3,3,3,3,1,1,1,1,1,2,3,3,3,1,1,4,0,2,2,3
569,1,5,5,1,2,2,1,5,4,5,5,4,4,0,0,2,1,0,1,4,2,3,5,5,5,5,5,5,5,5,5,0,0,0,0,0,0,1,1,0,0,0,3,3,1,1,1,1,1,1,1,1,1,2,2,2,2,0,3,4,0,2,3,2
570,1,1,1,1,1,1,1,1,1,1,1,1,4,0,0,2,1,0,1,4,3,3,5,5,5,5,5,5,5,5,5,0,0,0,0,0,0,1,1,3,3,3,3,3,1,1,3,3,1,1,1,1,1,2,3,3,2,0,3,4,0,2,0,1
571,1,1,1,1,1,1,1,1,1,1,1,1,2,1,1,4,0,1,0,4,1,0,5,5,5,5,5,5,5,5,5,0,0,0,0,0,0,1,1,3,1,3,3,3,1,1,3,3,1,1,1,1,1,2,2,2,2,0,1,3,3,2,3,3
572,1,5,5,1,1,1,1,5,1,1,5,1,2,3,1,4,0,1,0,4,2,6,5,5,5,5,5,5,5,5,5,0,0,0,0,0,0,1,1,1,1,3,1,3,1,1,0,0,1,1,1,1,1,2,2,2,2,1,3,3,0,2,3,2
573,1,1,1,1,1,1,1,1,1,1,1,1,0,1,0,4,0,1,0,2,4,0,5,5,5,5,5,5,5,5,5,0,0,0,0,0,0,1,1,1,1,3,3,3,1,1,3,3,1,1,1,1,1,2,2,2,2,1,1,3,3,2,0,4
574,1,1,1,1,1,1,1,1,1,1,1,1,4,0,0,2,1,0,1,4,1,3,5,5,5,5,5,5,5,5,5,0,0,0,0,0,0,1,1,1,1,1,1,1,1,1,1,1,1,1,1,1,1,2,3,3,3,0,3,3,0,2,0,2
575,1,1,1,1,1,1,1,1,1,1,1,1,4,0,0,2,1,2,1,1,3,3,5,5,5,5,5,5,5,5,5,0,0,0,0,0,0,1,1,1,1,1,1,1,1,1,1,1,1,1,1,1,1,2,2,2,2,0,3,3,3,4,0,1
576,1,5,5,1,1,1,1,5,1,1,1,1,4,0,0,2,1,0,1,4,1,6,5,5,5,5,5,5,5,5,5,0,0,0,0,0,0,1,1,1,1,1,1,1,1,1,1,1,1,1,1,1,1,2,2,2,2,1,1,4,0,2,0,1
577,1,1,1,1,1,1,1,1,1,1,1,1,4,0,0,2,1,0,5,4,1,0,5,5,5,5,5,5,5,5,5,0,0,0,0,0,0,1,1,1,1,1,1,1,1,1,1,1,1,1,1,1,1,2,2,2,2,0,3,3,0,2,2,1
578,1,1,1,1,1,1,1,1,1,1,1,1,2,1,1,4,0,1,0,4,1,3,5,5,5,5,5,5,5,5,5,0,0,0,0,0,0,1,1,1,1,3,3,3,1,1,3,3,1,1,1,1,1,2,2,3,2,1,3,4,0,2,2,3
579,1,1,1,1,1,1,1,1,1,1,1,1,4,0,0,2,1,0,5,1,1,8,5,5,5,5,5,5,5,5,5,0,0,0,0,0,0,1,1,1,1,1,1,1,1,1,1,1,1,1,1,1,1,2,2,2,2,1,3,8,0,4,0,6
580,1,1,2,1,1,1,1,2,2,2,5,2,4,0,0,2,1,0,1,1,2,0,5,5,5,5,5,5,5,5,5,0,0,0,0,0,0,1,1,1,1,1,1,1,1,1,1,1,1,1,1,1,1,2,2,2,2,0,3,8,0,4,0,6
581,1,1,1,1,1,1,1,1,1,1,1,1,2,1,1,4,0,1,0,4,2,3,5,5,5,5,5,5,5,5,5,0,0,0,0,0,0,1,1,1,1,1,1,1,1,1,1,1,1,1,1,1,1,2,2,2,2,1,1,4,3,2,4,4
582,1,1,1,1,1,1,1,1,1,1,1,1,4,0,0,2,3,0,3,3,4,6,5,5,3,3,3,3,3,5,3,0,4,4,4,0,4,1,4,4,4,4,4,4,1,1,4,4,4,4,4,4,4,1,3,3,2,0,1,5,0,0,5,1
583,1,1,1,1,1,1,1,1,1,1,1,1,2,1,1,4,0,1,2,4,2,0,5,5,5,5,5,5,5,5,5,0,0,0,0,0,0,1,1,1,1,1,1,1,1,1,1,1,1,1,1,1,1,2,2,2,2,0,3,3,0,2,0,2
584,1,1,1,1,1,1,1,1,1,1,1,1,4,0,0,2,1,0,1,4,2,3,5,5,5,5,5,5,5,5,5,0,0,0,0,0,0,1,1,1,1,1,1,1,1,1,1,1,1,1,1,1,1,2,3,3,2,0,3,3,0,2,0,1
585,1,1,1,1,1,1,1,1,1,1,1,1,4,1,0,2,1,0,1,4,2,0,5,5,5,5,5,5,5,5,5,0,0,0,0,0,0,1,1,0,0,0,0,0,1,1,1,1,1,1,1,1,1,2,3,3,2,0,3,3,0,2,3,2
586,1,5,5,1,5,1,1,5,5,1,5,5,4,0,0,2,1,0,1,4,2,3,5,5,5,5,5,5,5,5,5,0,0,0,0,0,0,1,1,1,1,1,1,1,1,1,1,1,1,1,1,1,1,2,3,3,3,0,3,3,0,2,0,1
587,1,1,1,1,1,1,1,1,1,1,1,1,4,1,1,2,1,0,5,4,4,6,5,5,5,5,5,5,5,5,5,0,0,0,0,0,0,1,1,1,1,1,1,1,1,1,1,1,5,5,5,5,5,2,2,2,2,0,1,4,4,2,3,5
588,1,1,1,1,1,1,1,1,1,1,1,1,2,3,1,4,0,1,0,4,2,3,5,5,5,5,5,5,5,5,5,0,0,0,0,0,0,1,1,3,3,3,3,3,1,1,3,3,1,1,1,1,1,2,2,2,2,1,1,4,0,2,0,2
589,1,1,1,1,1,1,1,1,1,1,1,1,4,0,0,2,1,2,1,1,3,3,5,5,5,5,5,5,5,5,5,0,0,0,0,0,0,1,1,1,1,1,1,1,1,1,1,1,1,1,1,1,1,2,2,3,2,0,1,3,3,4,2,1
590,1,1,1,1,1,1,1,1,1,1,1,1,4,0,0,2,1,0,1,1,2,8,5,5,5,5,5,5,5,5,5,0,0,0,0,0,0,1,1,1,1,1,1,1,1,1,1,1,1,1,1,1,1,2,2,2,2,1,3,8,0,4,0,6
591,1,1,1,1,1,1,1,1,1,1,1,1,4,0,0,2,1,0,1,1,1,3,5,5,5,5,5,5,5,5,5,0,0,0,0,0,0,1,1,1,1,1,1,1,1,1,1,1,1,1,1,1,1,2,2,2,2,0,3,8,0,1,2,1
592,1,5,5,1,1,1,1,5,5,1,5,1,4,0,0,2,1,0,1,4,2,0,5,5,5,5,5,5,5,5,5,0,0,0,0,0,0,1,1,1,1,1,1,1,1,1,1,1,1,1,1,1,1,2,3,3,2,0,3,3,0,2,3,1
593,1,1,1,1,1,1,1,1,1,1,1,1,2,1,1,4,0,1,0,4,2,0,5,5,5,5,5,5,5,5,5,0,0,0,0,0,0,1,1,0,0,2,3,3,1,1,3,3,1,1,1,1,1,2,2,2,2,1,3,3,0,2,3,2
594,1,1,1,1,1,1,1,1,1,1,1,1,4,0,0,2,5,0,5,4,1,0,5,5,5,5,5,5,5,5,5,0,0,0,0,0,0,1,1,1,1,1,1,1,1,1,1,1,1,1,1,1,1,2,2,2,2,1,3,3,4,2,0,4
595,1,1,1,1,1,1,1,1,1,1,1,1,2,1,0,4,0,1,2,4,1,3,1,1,1,1,1,1,1,1,1,3,3,3,3,3,3,3,3,3,3,3,3,3,3,3,3,3,1,1,1,1,1,2,2,3,3,1,1,4,0,2,3,3
596,1,1,1,1,1,1,1,1,1,1,1,1,4,1,0,2,1,0,2,4,2,8,5,5,5,5,5,5,5,5,5,0,0,0,0,0,0,1,1,1,1,1,1,1,1,1,1,1,1,1,1,1,1,2,2,3,2,0,3,4,0,2,4,2
597,1,5,5,1,1,1,1,5,5,1,5,1,4,0,0,2,1,0,2,4,2,6,5,5,5,5,5,5,5,5,5,0,0,0,0,0,0,1,1,1,1,1,1,1,1,1,1,1,1,1,1,1,1,2,2,2,2,0,3,3,0,2,0,2
598,1,1,1,1,1,1,1,1,1,1,1,1,4,0,0,2,1,0,1,4,2,3,5,5,5,5,5,5,5,5,5,0,0,0,0,0,0,1,1,1,1,1,1,1,1,1,1,1,1,1,1,1,1,2,2,3,2,0,3,3,3,2,0,2
599,1,1,1,1,1,1,1,1,1,1,1,1,2,1,1,4,0,1,2,4,1,0,5,5,5,5,5,5,5,5,5,0,0,0,0,0,0,1,1,1,1,1,1,1,1,1,1,1,1,1,1,1,1,2,2,2,2,1,3,3,0,5,2,3
600,1,5,1,1,1,1,1,5,1,1,5,1,4,0,0,2,1,0,1,4,2,3,5,5,5,5,5,5,5,5,5,0,0,0,0,0,0,1,1,1,1,1,1,1,1,1,1,1,1,1,1,1,1,2,2,2,2,0,3,3,0,2,0,1
601,3,2,3,2,3,3,1,3,4,2,3,2,4,1,0,2,5,0,1,4,1,3,5,5,5,3,5,5,5,3,5,0,0,0,0,1,0,1,1,0,1,0,1,0,4,4,0,1,4,4,4,4,3,1,1,0,1,0,3,3,4,2,0,4
602,2,2,3,3,2,3,3,4,4,2,3,4,2,1,1,2,6,0,4,4,4,0,5,5,4,2,4,5,5,5,5,4,0,0,0,0,0,4,1,2,1,2,1,2,1,0,1,1,4,4,3,3,1,1,1,1,0,1,1,4,4,2,3,0
603,2,1,3,4,3,3,3,4,4,2,2,2,4,1,0,2,1,0,1,4,1,3,3,5,3,4,3,3,3,4,5,1,4,4,4,4,0,0,4,4,4,4,4,4,2,0,0,1,2,2,3,1,1,2,2,2,2,0,1,4,3,2,2,4
604,4,4,4,4,3,3,2,5,4,3,2,2,2,1,1,3,4,4,1,4,4,6,4,5,3,3,4,4,3,5,5,1,4,4,0,0,0,4,2,2,2,2,2,2,1,1,1,1,3,1,4,4,1,1,1,4,4,0,1,4,4,2,3,0
605,4,4,3,2,3,3,4,4,4,4,4,4,2,3,1,2,4,4,2,4,0,0,3,3,4,4,4,4,3,2,4,3,4,4,4,4,4,3,3,3,3,3,3,3,3,4,4,4,3,4,3,4,3,2,2,1,0,1,3,4,4,2,3,5
606,2,3,4,4,2,2,2,4,4,4,1,4,4,1,0,2,5,0,1,4,4,3,3,2,3,3,3,4,2,4,4,4,4,1,2,1,4,4,4,2,0,2,3,3,0,0,2,0,2,2,4,2,4,2,1,1,3,0,1,3,4,2,2,5
607,3,3,3,3,3,3,3,3,3,3,3,3,2,1,0,4,0,1,2,4,4,6,1,3,3,3,3,3,3,3,3,4,4,4,4,4,4,4,4,4,4,4,4,4,4,4,4,4,3,3,3,3,3,4,4,4,4,1,3,4,4,2,3,0
608,1,1,2,4,2,2,1,3,3,1,1,1,4,0,0,2,5,0,1,4,1,0,5,5,3,5,3,3,3,5,5,0,0,0,0,0,0,1,1,3,3,3,3,3,1,1,1,1,1,1,1,1,1,2,2,2,1,0,1,4,3,2,11,4
609,3,2,3,2,2,2,2,2,4,3,3,3,4,3,1,2,5,2,5,4,2,3,5,5,5,5,5,5,3,5,5,0,0,0,0,0,0,1,1,1,1,1,1,1,1,1,1,1,1,1,3,2,1,2,1,4,1,1,1,3,4,2,2,4
610,1,4,2,3,2,3,1,5,1,2,3,2,4,1,1,2,1,2,1,4,2,0,5,5,3,5,5,5,5,4,5,0,0,1,0,0,0,1,1,1,1,1,1,1,1,1,1,1,2,3,1,2,1,3,3,3,3,0,0,4,3,0,2,4
611,3,4,4,4,4,4,2,4,4,4,3,3,0,1,0,2,6,4,1,4,4,6,3,3,4,2,4,4,4,3,5,2,1,1,1,4,0,2,0,2,4,2,0,2,4,4,1,1,4,4,3,4,2,2,2,4,4,0,1,3,4,2,3,0
612,4,4,4,4,4,2,2,4,4,3,3,2,4,1,1,2,1,0,1,4,4,0,3,2,2,2,2,2,2,2,4,2,2,2,2,2,2,2,2,2,2,2,2,2,2,2,2,2,4,4,4,4,4,1,1,4,4,1,1,4,4,2,2,5
613,1,2,2,2,1,2,2,3,3,1,3,1,2,1,1,2,0,1,2,4,1,0,3,2,3,2,3,4,4,4,4,4,4,4,4,1,1,4,4,4,3,3,3,3,0,4,4,4,2,2,2,3,4,4,4,4,4,0,3,4,4,2,2,4
614,1,3,4,3,4,2,1,5,5,2,3,3,4,1,0,2,5,0,1,4,4,3,3,4,4,3,4,4,4,3,4,1,1,1,1,1,1,0,1,1,2,2,2,2,4,4,4,4,2,2,4,2,1,2,4,4,4,0,1,4,3,2,0,5
615,2,2,3,1,2,4,1,2,4,2,3,3,2,1,1,4,4,1,2,4,4,3,4,4,4,4,5,5,4,3,5,1,1,4,4,4,1,0,0,2,1,2,0,2,0,0,0,0,2,2,2,2,2,4,1,4,4,0,1,3,4,2,3,5
616,2,4,4,2,4,3,4,4,4,4,3,3,2,1,1,4,0,1,2,4,4,3,3,4,4,4,4,4,2,2,4,2,2,2,2,2,2,4,2,2,2,2,3,3,4,4,4,4,3,3,3,3,3,1,4,1,3,0,1,4,4,2,3,0
617,2,2,2,4,4,4,3,4,4,3,1,2,4,0,0,2,1,0,1,4,1,7,3,3,3,2,3,3,3,3,3,2,2,2,2,2,2,3,2,2,2,2,2,2,2,2,2,2,2,2,2,3,2,4,4,4,2,0,3,4,0,2,0,3
618,2,1,4,1,2,1,2,4,5,1,5,2,4,0,0,2,1,2,5,4,2,3,5,3,4,3,4,5,3,5,5,0,4,0,4,0,0,1,1,2,4,4,0,2,1,3,1,1,2,1,4,3,1,2,2,4,4,1,3,1,0,4,0,1
619,3,2,2,4,4,2,2,4,3,2,2,2,4,1,1,2,5,0,5,4,4,7,3,4,3,3,3,3,3,4,3,1,4,4,4,1,4,0,4,4,4,4,4,4,4,4,4,4,1,1,1,1,1,1,1,0,3,1,1,4,3,2,0,4
620,3,3,3,3,3,3,3,3,3,3,3,3,2,1,1,4,0,1,5,4,0,3,3,3,3,3,3,3,3,3,3,4,4,4,4,4,4,4,4,4,4,4,4,4,4,4,4,4,3,3,3,3,3,4,4,4,4,1,1,5,3,2,0,5
621,3,2,2,2,2,2,1,4,4,4,2,3,2,1,1,2,5,0,1,4,0,7,2,2,2,2,4,4,4,4,4,4,4,4,4,4,4,4,4,4,4,4,4,4,4,4,4,4,2,2,2,2,2,1,1,1,1,1,0,3,4,2,0,5
622,3,4,2,1,1,2,3,4,2,2,4,3,1,1,1,2,6,0,1,4,4,0,5,5,5,5,3,3,2,3,5,2,2,1,2,2,4,4,4,0,2,2,2,3,0,0,0,0,2,3,2,3,1,4,0,0,4,0,1,3,4,2,2,5
623,3,4,4,1,4,2,2,2,4,4,4,4,2,1,1,2,6,3,5,4,1,3,3,5,5,4,4,3,3,3,4,1,4,4,4,4,1,0,0,2,2,2,4,4,1,1,1,1,4,3,2,4,2,1,1,1,4,1,1,3,4,2,0,5
624,2,3,3,2,2,2,4,2,4,2,2,2,4,1,0,2,5,0,2,4,1,0,2,5,4,3,5,5,4,4,4,3,1,1,1,1,1,3,1,2,1,2,0,4,0,0,0,1,2,2,2,2,1,0,0,0,0,0,1,4,4,2,2,0
625,3,2,3,3,4,4,2,3,5,4,3,3,2,1,1,1,4,0,1,4,0,0,3,4,5,2,3,5,5,2,2,4,4,4,4,4,4,1,0,2,0,0,2,0,4,4,4,4,1,1,1,1,1,2,2,2,2,0,1,4,4,2,3,4
626,1,2,2,2,2,2,2,3,2,2,2,3,2,1,1,4,0,1,5,4,4,0,4,4,5,4,4,4,4,4,4,1,1,1,1,1,4,0,0,0,0,2,1,0,1,0,4,0,2,2,4,2,2,4,4,4,4,0,1,5,4,2,3,0
627,3,2,2,1,1,4,2,4,4,1,4,4,4,1,1,2,5,0,1,4,1,3,3,3,3,3,3,3,3,4,3,2,2,2,2,2,2,2,2,2,2,2,2,2,2,2,2,2,2,2,4,4,4,2,1,4,4,0,1,4,3,2,2,4
628,3,4,4,4,4,4,4,4,3,3,4,3,2,3,1,4,0,1,2,4,0,0,5,4,5,3,4,3,3,3,4,4,4,4,4,4,4,4,4,4,4,4,4,4,4,4,4,4,4,4,4,4,3,1,4,4,1,1,1,3,4,2,0,4
629,2,1,1,1,1,1,1,4,4,1,4,3,4,0,1,2,5,0,1,4,1,3,3,4,3,2,4,4,2,3,4,3,2,2,2,3,2,4,0,2,1,0,2,2,0,0,4,4,1,1,2,3,1,2,4,4,4,0,1,3,3,2,0,4
630,3,4,4,4,2,2,4,4,4,2,5,4,2,1,1,2,6,4,1,2,0,0,3,4,4,4,4,4,4,3,5,2,1,1,1,1,1,4,2,0,2,0,2,0,4,4,0,1,3,2,2,3,3,0,3,0,3,1,3,3,4,2,0,5
631,3,4,4,4,2,4,2,5,3,2,2,2,4,1,0,2,1,0,5,4,0,0,4,4,4,2,4,4,3,4,4,1,1,1,4,1,1,0,0,0,0,0,4,4,0,0,0,0,2,2,4,2,2,2,0,0,3,0,3,3,4,2,0,5
632,4,5,4,4,5,4,4,5,4,4,4,4,1,0,0,2,4,0,4,4,0,0,5,2,2,2,4,4,2,2,4,1,4,4,4,4,4,4,4,4,4,4,4,4,4,4,4,4,4,4,4,4,4,0,0,4,0,1,1,3,3,2,0,0
633,2,2,2,2,2,2,2,4,3,2,3,2,4,0,1,2,6,0,1,4,0,3,5,4,4,4,4,4,4,4,4,1,1,1,1,1,1,0,0,0,0,0,2,2,0,0,0,0,2,2,3,2,2,2,1,1,1,1,1,4,3,2,2,5
634,1,1,3,3,1,2,2,1,1,1,1,1,4,1,1,2,6,0,1,4,1,0,1,5,1,1,5,1,1,1,5,3,3,3,3,3,0,3,3,3,3,3,3,3,3,3,1,1,1,1,1,1,1,4,3,4,4,1,3,4,4,2,3,5
635,4,3,3,3,3,3,3,3,3,3,3,3,0,1,1,4,4,1,0,4,4,0,5,4,4,2,4,4,3,2,3,2,1,1,4,2,4,4,2,2,2,4,4,4,4,4,4,4,3,3,3,4,3,1,1,1,4,0,1,3,4,2,2,0
636,2,2,2,2,2,2,3,2,3,2,3,2,1,3,1,2,4,4,2,4,4,3,5,5,5,4,3,3,3,5,5,1,1,1,4,1,1,0,0,0,2,2,2,2,0,4,4,4,2,2,2,1,1,3,3,3,3,1,3,3,4,2,3,5
637,1,2,1,2,4,2,2,5,5,4,4,1,4,1,0,2,1,2,5,1,1,3,4,5,5,4,5,5,4,3,5,4,4,4,4,4,4,4,1,1,1,1,4,4,1,1,4,4,2,2,4,2,2,1,1,0,2,0,1,3,4,2,2,2
638,2,1,1,2,2,2,2,4,4,2,2,3,2,1,1,4,4,4,2,4,4,0,3,4,3,3,3,3,4,3,4,4,4,4,4,4,4,4,4,4,4,4,4,4,4,4,0,0,2,1,2,2,4,1,1,1,0,0,1,4,4,2,0,5
639,2,1,3,3,1,1,1,2,1,2,1,1,3,3,1,2,4,4,4,4,1,3,5,5,5,4,4,4,4,4,4,4,1,1,1,0,1,4,0,0,0,2,4,3,2,2,1,1,2,2,2,3,3,2,1,1,2,0,1,3,4,2,0,5
640,3,4,3,4,4,3,4,4,4,3,4,2,4,1,1,2,4,0,1,4,4,0,4,1,4,2,4,4,2,3,3,4,4,4,4,4,4,0,0,2,0,2,2,3,4,2,4,4,2,2,3,3,2,2,4,4,2,1,1,4,4,2,4,5
641,1,1,3,2,2,3,3,4,4,1,3,3,2,1,1,4,0,1,2,4,0,7,4,5,5,3,3,5,1,4,5,4,4,4,4,4,4,4,4,4,4,4,4,4,4,4,4,4,3,3,3,3,3,1,0,0,0,0,1,4,4,2,0,5
642,2,4,4,4,4,4,4,4,4,2,5,4,3,3,1,1,4,0,1,4,1,3,5,5,3,2,3,3,3,4,5,4,1,4,4,1,1,4,1,1,1,1,1,1,1,1,1,1,3,4,4,4,3,2,0,0,0,1,3,3,4,2,4,5
643,4,3,1,1,2,1,4,4,5,4,2,5,2,3,1,4,0,1,3,4,0,3,1,5,5,1,3,5,1,1,4,3,1,0,3,3,0,3,3,1,1,2,3,3,3,3,1,1,2,2,2,2,1,2,0,0,2,0,1,5,4,2,4,0
644,1,3,3,3,2,2,4,2,2,2,3,3,2,1,1,1,4,0,1,4,5,3,3,4,4,2,4,4,2,2,4,1,2,2,4,4,4,4,4,1,4,4,4,4,4,4,4,4,3,3,3,2,1,1,1,1,1,1,3,5,3,2,4,4
645,2,4,3,2,1,2,2,4,4,2,4,2,2,1,1,4,0,1,2,4,1,0,5,4,4,4,3,2,2,4,4,1,2,2,2,1,2,0,2,2,2,2,2,2,0,0,2,2,2,2,2,2,1,1,1,1,0,1,3,3,4,2,4,5
646,3,2,4,2,4,2,2,2,4,2,4,2,2,1,1,2,4,0,2,4,1,3,3,4,4,4,4,3,3,3,4,4,0,4,4,4,1,4,4,4,4,4,4,4,4,0,0,0,1,2,3,2,1,4,0,0,0,1,1,4,4,2,9,5
647,1,1,1,3,2,3,5,2,1,2,3,1,4,1,0,2,2,0,1,4,1,0,5,4,4,5,5,5,5,5,5,4,4,4,4,4,4,4,4,4,4,4,4,4,4,4,4,4,1,1,2,1,1,0,4,4,4,0,3,4,3,2,3,4
648,2,1,4,1,2,4,1,5,5,4,4,4,4,1,1,2,1,2,1,1,1,3,1,5,5,1,5,5,2,1,5,0,0,0,2,0,0,1,1,2,2,0,3,3,1,3,3,3,2,2,4,1,1,2,4,4,2,0,1,3,3,2,3,4
649,1,1,3,1,1,3,2,1,2,1,2,1,0,1,1,1,3,0,2,3,0,3,3,4,4,4,4,4,3,4,2,1,1,1,4,1,4,0,0,4,0,4,4,4,4,0,4,4,1,1,1,1,1,1,1,1,1,0,1,4,4,2,0,4
650,2,2,3,2,2,3,3,4,3,4,3,2,4,1,1,2,2,2,5,4,2,0,4,5,3,3,3,4,3,5,5,4,4,0,4,1,1,4,4,2,2,2,2,2,2,2,4,0,1,1,1,1,1,4,4,4,2,0,1,4,4,2,0,4
651,1,4,4,1,2,4,4,4,4,2,4,4,2,1,1,2,2,3,1,4,4,3,3,4,3,3,3,3,3,3,4,4,4,4,4,4,4,4,4,4,4,4,4,4,4,4,4,4,1,1,2,2,1,1,0,0,1,1,0,4,4,2,0,5
652,1,1,1,1,1,1,1,1,1,1,1,1,4,0,0,2,1,0,1,4,2,0,5,5,5,5,5,5,5,5,5,0,0,0,0,0,0,1,1,1,1,1,1,1,1,1,1,1,1,1,1,1,1,2,2,2,2,0,3,3,3,2,0,2
653,1,1,1,1,1,1,1,1,1,1,1,1,2,1,1,4,0,1,0,4,2,0,5,5,5,5,5,5,5,5,5,0,0,0,0,0,0,1,1,1,1,3,3,3,1,1,3,3,1,1,1,1,1,2,2,3,2,1,1,4,3,2,3,3
654,1,1,1,1,1,1,1,1,1,1,1,1,4,0,0,2,1,0,1,4,1,3,5,5,5,5,5,5,5,5,5,0,0,0,0,0,0,1,1,1,1,1,1,1,1,1,1,1,1,1,1,1,1,2,2,2,2,0,3,1,0,2,0,1
655,1,1,1,1,1,1,1,1,1,1,1,1,4,0,0,2,1,0,2,4,2,3,5,5,5,5,5,5,5,5,5,0,0,0,0,0,0,1,1,1,1,1,1,1,1,1,1,1,1,1,1,1,1,2,3,3,2,0,3,4,0,2,4,2
656,1,1,1,1,1,1,1,1,1,1,1,1,4,0,0,2,1,0,1,4,2,6,5,5,5,5,5,5,5,5,5,0,0,0,0,0,0,1,1,1,1,1,1,1,1,1,1,1,1,1,1,1,1,2,2,2,2,0,1,1,0,2,0,2
657,1,1,1,1,1,1,1,1,1,1,1,1,2,1,1,4,0,1,0,4,1,0,5,5,5,5,5,5,5,5,5,0,0,0,0,0,0,1,1,1,1,1,1,1,1,1,1,1,1,1,1,1,1,2,2,2,2,1,1,3,0,5,4,3
658,1,1,1,1,1,1,1,1,1,1,1,1,4,0,0,2,1,0,2,4,3,3,5,5,5,5,5,5,5,5,5,0,0,0,0,0,0,1,1,1,1,1,1,1,1,1,1,1,1,1,1,1,1,2,3,3,2,0,3,4,2,2,3,1
659,1,1,1,1,1,1,1,1,1,1,1,1,4,1,0,2,2,0,2,4,2,3,5,5,5,5,5,5,5,5,5,0,0,0,0,0,0,1,1,1,1,1,1,1,1,1,1,1,1,1,1,1,1,2,3,3,2,0,1,4,0,2,2,3
660,1,1,1,1,1,1,1,1,1,1,1,1,4,0,0,2,1,0,2,4,1,0,5,5,5,5,5,5,5,5,5,0,0,0,0,0,0,1,1,1,1,1,1,1,1,1,1,1,1,1,1,1,1,2,3,3,2,0,1,4,0,2,3,2
661,1,5,5,1,1,1,1,5,5,1,5,1,4,0,0,2,1,0,1,1,2,0,5,5,5,5,5,5,5,5,5,0,0,0,0,0,0,1,1,1,1,3,3,3,1,1,3,3,1,1,1,1,1,2,3,3,1,0,3,3,3,4,0,1
662,1,1,1,1,1,1,1,1,1,1,1,1,4,0,0,2,1,0,2,4,3,3,5,5,5,5,5,5,5,5,5,0,0,0,0,0,0,1,1,1,1,1,1,1,1,1,1,1,1,1,1,1,1,2,2,2,2,0,3,3,0,2,3,2
663,1,1,1,1,1,1,1,1,1,1,1,1,2,1,1,4,0,1,0,4,1,3,5,5,5,5,5,5,5,5,5,0,0,0,0,0,0,1,1,1,1,1,1,1,1,1,1,1,1,1,1,1,1,2,3,3,3,0,3,3,3,2,2,3
664,1,1,1,1,1,1,1,1,1,1,1,1,4,1,1,4,0,1,0,4,2,0,5,5,5,5,5,5,5,5,5,0,0,0,0,0,0,1,1,1,1,1,1,1,1,1,1,1,1,1,1,1,1,2,2,2,2,1,1,3,0,2,0,2
665,1,1,1,1,1,1,1,1,1,1,1,1,3,0,0,2,1,0,1,4,3,3,5,5,5,5,5,5,5,5,5,0,0,0,0,0,0,1,1,1,1,1,1,1,1,1,1,1,1,1,1,1,1,2,2,2,2,0,3,3,3,2,0,2
666,1,1,1,1,1,1,1,1,1,1,1,1,4,0,0,2,1,0,2,4,2,0,5,5,5,5,5,5,5,5,5,0,0,0,0,0,0,1,1,1,1,1,1,1,1,1,1,1,1,1,1,1,1,1,3,3,2,0,3,4,0,2,2,2
667,1,1,1,1,1,1,1,1,1,1,1,1,4,0,0,2,2,0,2,4,3,3,5,5,5,5,5,5,5,5,5,0,0,0,0,0,0,1,1,1,1,1,1,1,1,1,1,1,1,1,1,1,1,2,3,3,2,0,3,3,0,2,3,2
668,1,5,5,1,1,1,1,5,5,1,5,1,4,0,0,2,1,0,1,4,2,6,5,5,5,5,5,5,5,5,5,0,0,0,0,0,0,1,1,1,1,3,3,3,1,1,3,3,1,1,1,1,1,2,3,3,2,0,3,3,0,2,3,2
669,1,1,1,1,1,1,1,1,1,1,1,1,2,3,1,4,0,1,0,4,2,8,5,5,5,5,5,5,5,5,5,0,0,0,0,0,0,1,1,1,1,1,1,1,1,1,3,3,1,1,1,1,1,2,2,2,2,1,1,4,0,2,2,3
670,1,1,1,1,1,1,1,1,1,1,1,1,4,0,0,2,1,2,5,1,5,3,5,5,5,5,5,5,5,5,5,0,0,0,0,0,0,1,1,1,1,1,1,1,1,1,1,1,1,1,1,1,1,2,2,2,2,0,1,3,3,4,0,1
671,1,1,1,1,1,1,1,1,1,1,1,1,4,0,0,2,1,0,1,4,2,0,5,5,5,5,5,5,5,5,5,0,0,0,0,0,0,1,1,1,1,1,1,1,1,1,1,1,1,1,1,1,1,2,3,3,1,0,3,4,0,2,3,2
672,1,2,2,2,2,2,2,2,2,2,2,2,4,0,0,2,1,0,2,4,2,3,5,5,5,5,5,5,5,5,5,0,0,0,0,0,0,1,1,0,0,0,0,0,1,1,0,0,1,1,1,1,1,2,2,2,2,0,3,3,3,2,0,2
673,1,5,5,1,1,1,1,5,5,1,5,1,4,0,0,2,1,0,2,4,2,0,5,5,5,5,5,5,5,5,5,0,0,0,0,0,0,1,1,1,1,1,1,1,1,1,1,1,1,1,1,1,1,2,2,2,2,0,1,4,2,2,3,1
674,1,1,1,1,1,1,1,1,1,1,1,1,2,1,1,4,0,1,0,4,2,3,5,5,5,5,5,5,5,5,5,0,0,0,0,0,0,1,1,1,1,1,1,1,1,1,1,1,1,1,1,1,1,2,2,2,2,1,1,3,3,2,3,4
675,1,1,1,1,1,1,1,1,1,1,1,1,4,0,0,2,1,0,5,4,3,3,5,5,5,5,5,5,5,5,5,0,0,0,0,0,0,1,1,1,1,1,1,1,1,1,1,1,1,1,1,1,1,2,2,2,2,1,3,3,0,2,0,2
676,1,5,5,1,1,1,1,5,5,1,5,5,4,0,0,2,1,0,1,4,1,3,5,5,5,5,5,5,5,5,5,0,0,0,0,0,0,1,1,1,1,1,1,1,1,1,1,1,1,1,1,1,1,2,3,3,3,1,3,1,0,2,0,2
677,1,1,1,1,1,1,1,1,1,1,1,1,2,3,1,4,0,1,0,4,2,7,5,5,5,5,5,5,5,5,5,0,0,0,0,0,0,1,1,1,1,1,1,1,1,1,1,1,1,1,1,1,1,2,2,2,2,1,1,3,0,5,4,3
678,1,1,1,1,1,1,1,5,5,1,5,1,4,0,0,2,1,0,1,4,2,0,5,5,5,5,5,5,5,5,5,0,0,0,0,0,0,1,1,1,1,1,1,1,1,1,1,1,1,1,1,1,1,2,2,2,2,0,3,3,0,2,0,2
679,1,1,1,1,1,1,1,1,1,1,1,1,4,1,0,2,1,0,2,4,2,3,5,5,5,5,5,5,5,5,5,0,0,0,0,0,0,1,1,1,1,1,1,1,1,1,1,1,1,1,1,1,1,2,3,3,2,1,1,4,0,2,4,2
680,1,1,1,1,1,1,1,1,1,1,1,1,4,0,0,2,1,2,5,1,3,3,5,5,5,5,5,5,5,5,5,0,0,0,0,0,0,1,1,1,1,1,1,1,1,1,1,1,1,1,1,1,1,2,2,2,2,1,1,3,3,4,0,1
681,1,1,1,1,1,1,1,1,1,1,1,1,4,0,0,2,1,0,2,4,3,0,5,5,5,5,5,5,5,5,5,0,0,0,0,0,0,1,1,1,1,1,1,1,1,1,1,1,1,1,1,1,1,2,3,3,2,1,1,4,0,2,2,2
682,1,5,5,1,1,1,1,5,5,1,5,1,4,0,0,2,1,0,5,4,3,3,5,5,5,5,5,5,5,5,5,0,0,0,0,0,0,1,1,1,1,1,1,1,1,1,1,1,1,1,1,1,1,2,2,2,2,0,3,3,0,2,0,1
683,1,1,1,1,1,1,1,1,1,1,1,1,4,0,0,2,1,0,1,1,2,8,5,5,5,5,5,5,5,5,5,0,0,0,0,0,0,1,1,1,1,1,3,3,1,1,1,1,1,1,1,1,1,2,2,2,2,0,3,8,0,4,0,6
684,1,1,1,1,1,1,1,1,1,1,1,1,2,1,1,4,0,1,0,4,4,0,5,5,5,5,5,5,5,5,5,0,0,0,0,0,0,1,1,1,1,1,1,1,1,1,1,1,1,1,1,1,1,2,2,2,2,1,3,3,3,2,2,3
685,1,1,1,1,1,1,1,1,1,1,1,1,4,0,0,2,1,0,2,4,2,6,5,5,5,5,5,5,5,5,5,0,0,0,0,0,0,1,1,1,1,1,1,1,1,1,1,1,1,1,1,1,1,2,2,2,2,0,1,4,0,2,4,2
686,1,5,5,1,1,1,1,5,1,1,1,1,4,0,0,2,3,0,3,3,4,7,5,5,3,3,3,3,3,5,3,0,4,4,4,0,4,1,4,4,4,4,4,4,1,1,4,4,5,3,5,1,4,2,3,3,2,0,3,5,2,0,5,2
687,1,1,1,1,1,1,1,1,1,1,1,1,4,0,0,2,1,0,1,4,2,0,5,5,5,5,5,5,5,5,5,0,0,0,0,0,0,1,1,1,1,1,3,3,1,1,3,3,1,1,1,1,1,2,2,3,2,1,1,1,0,2,0,2
688,1,1,1,1,1,1,1,1,1,1,1,1,2,3,1,4,0,1,0,4,5,8,1,1,1,1,1,1,1,1,1,3,3,3,3,3,3,3,3,3,3,3,3,3,3,3,3,3,1,1,1,1,1,3,3,3,3,1,1,4,0,5,3,3
689,1,1,1,1,1,1,1,1,1,1,1,1,4,0,0,2,1,0,1,4,2,3,5,5,5,5,5,5,5,5,5,0,0,0,0,0,0,1,1,1,1,1,1,1,1,1,1,1,1,1,1,1,1,2,2,2,2,0,3,3,0,2,3,2
690,1,1,1,1,1,1,1,1,1,1,1,1,4,0,0,2,1,2,1,1,3,3,5,5,5,5,5,5,5,5,5,0,0,0,0,0,0,1,1,1,1,1,1,1,1,1,1,1,1,1,1,1,1,1,3,3,2,1,3,3,3,4,0,1
691,1,1,1,1,1,1,1,1,1,1,1,1,2,1,1,4,0,1,0,4,1,7,5,5,5,5,5,5,5,5,5,0,0,0,0,0,0,1,1,1,1,3,3,3,1,1,3,3,1,1,1,1,1,2,2,2,2,1,1,4,0,2,3,3
692,1,1,1,1,1,1,1,1,1,1,1,1,4,0,0,2,1,0,5,4,2,0,5,5,5,5,5,5,5,5,5,0,0,0,0,0,0,1,1,1,1,1,1,1,1,1,1,1,1,1,1,1,1,2,3,3,2,0,3,3,0,2,0,2
693,1,5,1,1,1,1,1,5,1,1,1,1,4,1,0,2,1,0,1,4,2,6,5,5,5,5,5,5,5,5,5,0,0,0,0,0,0,1,1,1,1,1,1,1,1,1,1,1,1,1,1,1,1,2,2,2,2,0,1,1,0,2,2,2
694,1,1,1,1,1,1,1,1,1,1,1,1,3,2,1,4,0,1,0,4,1,3,5,5,5,5,5,5,5,5,5,0,0,0,0,0,0,1,1,1,1,1,1,1,1,1,1,1,1,1,1,1,1,2,2,2,2,1,3,3,0,2,0,2
695,1,1,1,1,1,1,1,1,1,1,1,1,4,0,0,2,1,0,1,4,1,3,5,5,5,5,5,5,5,5,5,0,0,0,0,0,0,1,1,1,1,1,1,1,1,1,1,1,1,1,1,1,1,2,2,2,2,0,3,3,0,2,0,2
696,1,1,1,1,1,1,1,1,1,1,1,1,4,0,0,2,1,0,5,1,2,3,5,5,5,5,5,5,5,5,5,0,0,0,0,0,0,1,1,1,1,1,1,1,1,1,1,1,1,1,1,1,1,2,2,2,2,1,1,1,3,4,0,6
697,1,1,1,1,1,1,1,1,1,1,1,1,4,1,0,2,1,0,2,4,2,0,5,5,5,5,5,5,5,5,5,0,0,0,0,0,0,1,1,1,1,1,1,1,1,1,1,1,1,1,1,1,1,2,3,3,2,0,3,3,0,2,3,2
698,1,5,1,1,1,1,1,5,5,1,5,1,4,0,0,2,1,0,2,4,2,3,5,5,5,5,5,5,5,5,5,0,0,0,0,0,0,1,1,1,1,1,1,1,1,1,1,1,1,1,1,1,1,1,3,3,2,1,3,3,0,2,0,2
699,1,1,1,1,1,1,1,1,1,1,1,1,4,0,0,2,1,0,2,4,3,3,5,5,5,5,5,5,5,5,5,0,0,0,0,0,0,1,1,1,1,0,0,0,1,1,0,0,1,1,1,1,1,2,2,2,2,1,3,3,0,2,3,1
700,1,1,1,1,1,1,1,1,1,1,1,1,2,1,1,4,0,1,2,4,2,0,5,5,5,5,5,5,5,5,5,0,0,0,0,0,0,1,1,1,1,1,1,1,1,1,1,1,1,1,1,1,1,2,2,2,2,0,1,3,3,2,4,3
701,1,1,1,1,1,1,1,1,1,1,1,1,4,0,0,2,1,0,2,4,1,6,5,5,5,5,5,5,5,5,5,0,0,0,0,0,0,1,1,3,3,3,3,3,1,1,1,1,1,1,1,1,1,2,3,3,3,0,3,3,0,2,2,2
702,1,1,1,1,1,1,1,1,1,1,1,1,4,0,0,2,1,0,5,4,2,0,5,5,5,5,5,5,5,5,5,0,0,0,0,0,0,1,1,1,1,0,0,0,1,1,0,0,1,1,1,1,1,2,2,2,2,0,3,4,0,2,0,1
703,1,1,5,1,1,1,1,5,1,1,1,1,4,0,0,2,1,0,2,4,3,3,5,5,5,5,5,5,5,5,5,0,0,0,0,0,0,1,1,1,1,1,1,1,1,1,1,1,1,1,1,1,1,2,2,2,2,0,1,4,0,2,3,2
