ID,Eu estou satisfeito com o serviço entregue pelo transporte público ,O serviço transporte Público correspondem às minhas expectativas,Considero que as minhas necessidades de deslocamento estão sendo atendidos pelo transporte público,Considero que o transporte público tem um bom custo benefício ,Considero que sou recompensado por usar o transporte público,Cartões,Aplicativos de celular,Qr Code,Bilhete impresso
1,2,1,2,4,1,1,3,3,3
2,1,1,1,1,1,1,2,3,3
3,2,2,2,2,2,1,3,3,3
4,3,4,4,3,3,1,2,3,3
5,1,1,1,1,1,1,3,3,3
6,1,1,1,1,1,2,2,2,2
7,3,3,3,3,3,4,1,1,3
8,3,3,4,3,3,1,4,4,4
9,2,2,2,2,1,2,2,0,4
10,1,1,1,1,1,2,2,2,2
11,1,1,4,1,1,1,1,0,3
12,3,3,3,3,3,4,2,4,4
13,1,1,1,1,1,2,1,3,0
14,1,1,1,1,1,2,2,2,2
15,1,1,4,4,1,2,0,0,2
16,4,4,4,4,4,2,3,3,3
17,1,1,1,1,1,2,1,0,2
18,1,1,4,3,1,2,2,2,2
19,1,1,5,4,1,2,2,2,2
20,1,1,1,1,1,2,2,2,2
21,1,1,4,4,1,2,2,2,2
22,1,1,1,1,1,2,0,3,2
23,1,1,1,1,1,2,2,2,2
24,3,3,3,3,3,2,2,3,2
25,3,3,3,3,3,2,2,2,2
26,1,1,1,1,1,2,2,3,2
27,1,1,4,1,1,2,2,0,2
28,1,1,1,1,1,2,2,0,4
29,1,1,1,1,1,2,2,2,2
30,1,1,1,1,1,4,4,4,4
31,1,1,1,1,1,2,2,0,4
32,1,1,1,1,1,2,2,2,2
33,1,1,1,1,1,2,2,0,0
34,1,1,1,1,1,2,2,2,2
35,1,1,1,1,1,2,2,2,2
36,1,1,1,1,1,2,2,2,2
37,1,1,1,1,1,2,2,2,2
38,1,1,1,1,1,2,1,3,4
39,1,1,5,1,1,2,2,2,2
40,1,1,1,1,1,2,2,3,4
41,1,1,1,1,1,2,2,3,3
42,1,1,1,1,1,2,2,3,3
43,1,1,1,1,1,2,2,3,3
44,1,1,1,1,1,2,0,3,2
45,1,1,1,1,1,2,1,0,2
46,1,1,1,1,1,2,2,3,2
47,1,1,1,1,1,2,2,2,2
48,1,1,4,1,1,2,2,4,4
49,2,2,2,2,2,1,1,1,1
50,1,1,1,1,1,2,2,3,3
51,1,1,4,1,1,2,0,3,4
52,3,3,3,3,3,2,0,3,4
53,2,2,4,2,1,2,2,2,2
54,1,1,1,1,1,1,1,3,4
55,1,2,2,1,1,2,2,2,2
56,2,2,2,2,2,1,1,0,4
57,1,1,1,1,1,2,3,3,3
58,2,2,2,2,2,1,0,0,0
59,1,1,1,1,1,2,2,0,3
60,1,1,1,1,1,2,2,4,4
61,1,1,1,1,1,2,1,0,4
62,1,1,1,1,1,2,2,2,2
63,1,1,5,1,1,2,2,0,1
64,1,1,1,1,1,2,2,3,3
65,1,1,1,1,1,2,2,2,2
66,1,1,1,1,1,2,0,3,1
67,1,1,1,1,1,2,2,2,2
68,1,1,1,1,1,2,1,3,3
69,2,2,5,2,1,2,2,2,2
70,1,1,1,1,1,2,2,3,1
71,5,5,5,5,5,2,3,3,2
72,1,1,1,1,1,2,2,2,2
73,1,1,1,1,1,2,2,3,3
74,1,1,5,1,1,2,2,2,2
75,2,2,5,4,1,2,2,3,3
76,1,1,1,1,1,3,3,3,3
77,1,1,1,1,1,2,2,2,2
78,5,5,5,5,5,2,0,3,0
79,1,1,1,1,1,2,2,2,2
80,3,3,4,1,1,2,2,0,2
81,5,5,5,5,5,2,3,3,3
82,1,1,5,5,5,2,3,3,2
83,1,1,1,1,1,2,2,0,2
84,1,2,3,2,1,2,1,3,4
85,1,1,1,1,1,2,2,3,0
86,1,1,1,1,1,2,2,2,2
87,2,2,2,2,2,2,1,0,1
88,1,1,1,1,1,2,2,2,2
89,1,1,1,1,1,2,2,2,2
90,1,1,1,1,1,2,2,3,3
91,1,1,1,1,1,2,0,3,2
92,1,1,1,1,1,2,2,3,3
93,1,1,1,1,1,2,2,3,3
94,1,5,1,1,1,2,2,2,2
95,1,1,1,1,1,2,1,1,2
96,1,1,1,1,1,2,2,2,2
97,1,1,1,1,1,2,2,2,2
98,1,1,1,1,1,2,2,2,2
99,2,2,2,2,2,2,2,2,2
100,1,1,1,1,1,2,2,2,2
101,1,1,1,1,1,2,2,2,2
102,1,1,1,1,1,2,2,2,2
103,1,1,1,1,1,2,2,2,2
104,1,4,1,1,1,2,3,3,3
105,1,1,1,1,1,2,2,3,3
106,1,1,1,1,1,2,0,0,0
107,1,1,1,1,1,2,2,2,2
108,1,1,1,1,1,2,2,3,3
109,1,1,1,1,1,2,2,3,3
110,1,1,1,1,1,2,2,2,2
111,1,1,1,1,1,1,0,3,2
112,2,2,2,2,2,2,2,3,3
113,1,1,1,1,1,2,2,2,2
114,1,5,5,1,1,2,3,3,3
115,1,1,1,1,1,2,3,3,2
116,1,1,1,1,1,2,2,2,2
117,1,1,5,1,1,2,3,3,2
118,5,5,5,5,5,2,0,3,1
119,1,1,1,1,1,2,3,3,3
120,1,5,5,1,5,2,0,3,1
121,1,1,1,1,1,2,2,2,2
122,1,1,1,1,1,2,2,2,2
123,1,1,1,1,1,2,2,2,2
124,1,1,1,1,1,2,2,2,2
125,2,2,4,2,2,2,2,0,2
126,5,5,5,5,5,2,2,3,2
127,1,1,1,1,1,2,2,2,2
128,1,1,1,1,1,2,2,3,3
129,1,1,1,1,1,2,3,3,3
130,1,1,1,1,1,2,2,2,2
131,1,1,1,1,1,2,2,3,4
132,1,1,1,1,1,2,2,2,2
133,5,5,5,5,5,2,2,3,2
134,1,1,1,1,1,2,3,3,2
135,1,1,1,1,1,2,3,3,2
136,1,1,1,1,1,2,2,3,4
137,1,1,1,1,1,2,2,3,3
138,1,1,1,1,1,2,2,2,2
139,2,2,2,2,2,2,2,2,2
140,1,1,1,1,1,2,2,2,2
141,1,1,1,1,1,2,3,3,2
142,1,1,1,1,1,2,3,3,3
143,1,1,1,1,1,2,4,3,4
144,4,2,4,1,2,2,3,3,3
145,1,1,1,1,1,2,2,2,2
146,1,1,1,1,1,2,2,2,2
147,1,1,1,1,1,2,2,2,2
148,1,1,1,1,1,2,2,2,2
149,1,1,1,1,1,2,2,3,3
150,1,1,1,1,1,2,3,3,3
151,1,1,1,1,1,2,2,3,3
152,1,1,1,1,1,2,2,2,2
153,1,1,1,1,1,2,2,2,2
154,5,5,5,5,5,2,3,3,2
155,1,1,1,1,1,2,2,2,2
156,1,1,1,1,1,2,2,3,3
157,4,2,5,2,1,2,1,1,4
158,1,1,1,1,1,2,2,3,3
159,1,1,1,1,1,2,2,2,2
160,2,2,3,2,2,0,0,0,0
161,1,1,1,1,1,2,2,3,3
162,1,1,1,1,1,2,2,2,2
163,1,1,1,1,1,0,4,0,4
164,1,1,1,1,1,2,2,2,2
165,1,1,1,1,1,2,2,3,2
166,1,1,1,1,1,2,2,3,4
167,1,1,3,3,1,1,0,0,0
168,5,5,5,5,5,2,2,3,2
169,1,1,1,1,1,2,3,3,3
170,1,1,1,1,1,2,2,0,0
171,1,1,1,1,1,2,3,3,2
172,1,1,1,1,1,2,2,2,2
173,1,1,1,1,1,2,2,2,2
174,1,1,1,1,1,2,2,2,2
175,1,1,1,1,1,2,3,3,3
176,1,1,1,1,1,1,1,1,1
177,2,2,2,2,2,0,0,0,0
178,1,1,1,2,1,1,1,1,1
179,5,5,3,5,5,2,2,2,3
180,1,3,4,2,3,0,3,3,3
181,2,2,3,3,1,2,4,4,4
182,2,3,2,2,1,1,1,1,1
183,1,1,2,1,1,2,2,2,4
184,4,4,4,3,2,1,1,4,4
185,2,3,4,3,4,1,1,1,1
186,2,2,2,2,1,1,1,1,4
187,1,1,1,2,1,1,1,1,1
188,4,2,2,4,1,1,4,1,0
189,1,1,1,1,1,4,4,4,4
190,2,2,4,2,1,0,4,1,4
191,2,2,3,1,3,2,2,1,2
192,1,1,2,1,1,0,3,3,3
193,1,1,1,1,1,2,0,1,2
194,2,1,2,1,1,4,4,4,4
195,2,2,4,3,4,2,4,4,2
196,1,1,3,1,1,0,0,0,2
197,1,1,1,1,1,2,2,2,2
198,1,1,4,2,1,1,4,4,4
199,1,1,1,1,1,1,1,1,1
200,2,2,2,1,1,1,2,0,2
201,2,1,2,2,1,1,4,0,0
202,4,4,4,2,1,1,1,1,0
203,1,1,1,1,1,2,2,2,2
204,3,3,4,4,2,2,4,4,1
205,2,2,1,2,1,1,1,1,1
206,1,1,1,1,1,2,3,3,3
207,2,4,4,4,3,1,1,1,3
208,1,1,1,1,1,2,2,3,2
209,2,2,4,2,2,2,3,3,3
210,1,1,1,1,1,2,1,0,4
211,3,2,2,2,2,2,1,0,4
212,2,1,4,1,1,2,1,1,4
213,2,4,4,1,2,2,3,3,1
214,2,3,2,3,4,1,1,0,3
215,1,1,1,1,1,0,3,3,3
216,3,3,2,4,4,0,4,0,1
217,1,1,1,1,1,2,2,0,2
218,1,1,1,1,1,2,2,2,2
219,1,1,1,1,1,2,1,3,0
220,5,5,5,5,5,2,3,3,3
221,1,1,1,1,1,2,2,2,2
222,1,1,1,1,1,2,2,2,2
223,1,1,1,1,1,2,2,2,2
224,1,1,1,1,1,2,2,3,4
225,1,1,1,1,1,2,1,0,2
226,1,1,1,1,1,2,0,0,0
227,1,1,1,1,1,2,2,3,4
228,5,5,5,5,5,2,3,3,2
229,1,1,1,1,1,2,2,2,2
230,1,1,1,1,1,2,2,2,2
231,1,1,1,1,1,2,3,3,2
232,1,1,1,1,1,2,2,3,4
233,1,1,1,1,1,2,2,2,2
234,1,1,1,1,1,2,3,3,3
235,1,1,1,1,1,2,2,3,3
236,1,1,1,1,1,2,3,3,3
237,1,1,1,1,1,2,2,3,3
238,1,1,1,1,1,2,3,3,3
239,1,1,1,1,1,2,3,3,3
240,1,1,1,1,1,2,2,2,2
241,1,1,1,1,1,2,2,3,3
242,1,1,1,1,1,2,3,3,3
243,1,1,1,1,1,2,1,3,2
244,1,1,1,1,1,2,2,2,2
245,1,1,1,1,1,2,2,3,2
246,1,1,1,1,1,2,3,3,3
247,1,1,1,1,1,2,3,3,3
248,1,1,1,1,1,1,3,3,2
249,1,1,1,1,1,2,2,3,2
250,1,1,1,1,1,2,2,2,2
251,1,1,1,1,1,2,2,2,2
252,1,1,1,1,1,2,2,3,3
253,1,1,1,1,1,2,2,3,3
254,5,5,5,5,5,2,3,3,2
255,1,1,1,1,1,2,3,3,3
256,1,1,1,1,1,2,3,3,2
257,1,1,1,1,1,2,3,3,3
258,1,1,1,1,1,1,2,3,3
259,1,1,1,1,1,2,2,3,3
260,1,1,1,1,1,2,3,3,3
261,1,1,1,1,1,2,2,3,2
262,1,1,1,1,1,2,3,3,3
263,1,1,1,1,1,2,2,2,2
264,1,1,1,1,1,2,3,3,3
265,1,1,1,1,1,2,2,3,3
266,4,4,4,1,1,2,3,3,2
267,1,1,1,1,1,2,2,3,3
268,1,1,1,1,1,2,2,3,3
269,1,1,1,1,1,2,0,3,1
270,1,1,1,1,1,2,2,2,2
271,1,1,1,1,1,2,3,3,2
272,1,1,1,1,1,2,2,3,2
273,1,1,1,1,1,2,2,2,2
274,1,1,1,1,1,2,2,3,3
275,1,1,1,1,1,2,2,3,2
276,1,1,1,1,1,2,2,2,2
277,1,1,1,1,1,2,2,2,2
278,1,1,1,1,1,2,1,3,4
279,2,2,2,2,1,2,3,3,3
280,1,1,1,1,1,2,1,3,2
281,1,1,1,1,1,2,1,3,2
282,1,1,1,1,1,2,2,2,2
283,1,1,1,1,1,2,3,3,3
284,1,1,1,1,1,2,2,3,3
285,2,2,2,2,2,1,1,3,1
286,1,1,1,1,1,2,2,2,2
287,1,1,1,1,1,2,2,3,2
288,1,1,1,1,1,2,1,0,1
289,5,2,5,2,1,2,3,3,2
290,1,1,4,1,1,2,3,3,3
291,1,1,1,1,1,2,2,2,2
292,1,1,1,1,1,2,1,3,1
293,1,1,1,1,1,1,0,3,2
294,1,1,1,1,1,2,1,3,2
295,1,1,1,1,1,2,2,3,2
296,1,1,1,1,1,3,3,3,3
297,1,1,4,1,1,2,3,3,2
298,1,1,1,1,1,2,3,3,3
299,4,4,4,4,4,1,3,3,2
300,3,3,3,3,3,2,3,3,2
301,4,4,4,4,4,2,3,3,2
302,1,1,1,1,1,2,2,3,2
303,1,1,1,1,1,2,2,3,2
304,1,1,1,1,1,2,2,0,4
305,1,1,1,1,1,2,2,3,3
306,1,1,1,1,1,2,2,3,2
307,1,1,1,1,1,2,2,3,3
308,1,1,4,1,1,2,2,2,2
309,2,2,4,2,1,2,3,3,2
310,1,1,1,1,1,2,2,3,2
311,1,1,1,1,1,2,1,3,2
312,1,1,1,1,1,2,3,3,3
313,1,1,1,1,1,2,3,3,3
314,1,1,1,1,1,2,3,3,1
315,1,1,1,1,1,2,2,3,2
316,1,1,1,1,1,2,2,2,2
317,1,1,1,1,1,2,2,3,2
318,1,1,4,1,1,2,1,3,4
319,1,1,1,1,1,2,2,1,2
320,1,1,1,1,1,2,2,2,2
321,1,1,1,1,1,2,2,2,2
322,1,1,1,1,1,2,2,2,2
323,1,1,1,1,1,2,2,2,2
324,1,1,1,1,1,2,2,2,2
325,1,1,1,1,1,2,2,2,2
326,1,1,1,1,1,2,2,2,2
327,1,1,1,1,1,2,2,2,2
328,1,1,1,1,1,2,2,2,2
329,1,1,5,1,1,2,2,2,2
330,1,1,1,1,1,2,2,2,2
331,1,1,1,1,1,2,3,3,2
332,1,1,5,1,1,2,3,3,3
333,1,1,1,1,1,3,3,3,3
334,4,4,5,2,4,2,3,3,2
335,1,1,1,1,1,2,2,2,2
336,1,1,1,1,1,2,2,2,2
337,1,1,1,1,1,2,3,3,4
338,1,1,1,1,1,2,3,3,3
339,1,1,1,1,1,2,2,2,2
340,1,1,1,1,1,2,2,2,2
341,1,1,1,1,1,2,2,2,2
342,1,1,1,1,1,2,2,2,2
343,1,1,1,1,1,2,2,2,2
344,1,1,1,1,1,2,2,3,3
345,1,1,1,1,1,2,2,2,2
346,1,1,1,1,1,2,2,3,3
347,1,1,1,1,1,2,2,2,2
348,1,1,1,1,1,2,3,3,3
349,1,1,1,1,1,2,3,3,3
350,1,1,1,1,1,2,2,2,2
351,1,1,1,1,1,2,2,3,2
352,1,1,1,1,1,2,2,2,2
353,1,1,4,1,1,2,3,3,3
354,1,1,1,1,1,2,2,3,4
355,1,1,1,1,1,2,3,3,2
356,1,1,1,1,1,2,2,2,2
357,1,1,1,1,1,2,2,2,2
358,1,1,1,1,1,2,2,2,2
359,1,1,1,1,1,2,2,2,2
360,1,1,1,1,1,2,2,2,2
361,1,1,1,1,1,2,2,2,2
362,1,1,1,1,1,2,2,2,2
363,5,5,5,5,5,2,3,3,2
364,1,1,1,1,1,2,2,2,2
365,1,1,1,1,1,2,2,2,2
366,1,1,1,1,1,2,2,2,2
367,1,1,1,1,1,2,2,2,2
368,1,1,1,1,1,2,2,2,2
369,1,1,1,1,1,2,2,2,2
370,1,1,1,1,1,2,2,2,2
371,1,1,1,1,1,2,2,2,2
372,1,1,1,1,1,2,2,2,2
373,1,1,1,1,1,2,2,2,2
374,4,4,4,4,4,1,3,3,2
375,1,1,1,1,1,2,2,2,2
376,1,1,1,1,1,2,2,2,2
377,1,1,1,1,1,2,2,2,2
378,1,1,1,1,1,2,2,2,2
379,4,4,5,4,4,2,3,3,1
380,1,1,1,1,1,2,2,2,2
381,1,1,1,1,1,2,2,0,4
382,1,1,1,1,1,2,2,2,2
383,1,1,1,1,1,2,2,2,2
384,1,1,1,1,1,2,1,3,4
385,1,1,1,1,1,2,2,2,2
386,1,1,1,1,1,2,2,2,2
387,4,2,4,2,2,2,3,3,4
388,1,1,1,1,1,2,2,2,2
389,1,1,1,1,1,2,2,2,2
390,1,1,1,1,1,2,2,2,2
391,1,2,4,2,1,1,0,3,2
392,1,1,1,1,1,2,2,2,2
393,1,1,4,1,1,2,2,2,2
394,1,1,1,1,1,2,2,2,2
395,1,1,1,1,1,2,2,2,2
396,1,1,1,1,1,2,1,3,2
397,1,1,1,1,1,2,3,3,2
398,1,1,1,1,1,2,3,3,2
399,1,1,1,1,1,2,3,3,3
400,1,1,1,1,1,2,1,3,1
401,1,1,1,1,1,2,2,2,2
402,1,1,1,1,1,2,1,3,2
403,1,1,1,1,1,2,2,2,2
404,1,1,1,1,1,2,2,2,2
405,2,2,4,2,2,2,3,3,2
406,1,1,1,1,1,3,3,3,3
407,1,1,1,1,1,2,2,2,2
408,1,1,1,1,1,2,3,3,2
409,1,1,1,1,1,2,2,2,2
410,1,1,1,1,1,2,2,2,2
411,1,1,1,1,1,2,2,2,2
412,1,1,1,1,1,2,2,2,2
413,1,1,1,1,1,2,2,2,2
414,1,1,1,1,1,2,2,2,2
415,1,1,1,1,1,2,2,2,2
416,1,1,1,1,1,2,2,3,2
417,1,1,1,1,1,2,3,3,3
418,1,1,1,1,1,2,2,2,2
419,1,1,1,1,1,2,2,2,2
420,1,1,1,1,1,2,1,3,2
421,1,1,1,1,1,2,3,3,2
422,1,1,1,1,1,2,2,2,2
423,1,1,1,1,1,2,2,2,2
424,1,1,1,1,1,2,2,2,2
425,1,1,1,1,1,2,2,2,2
426,1,1,1,1,1,2,2,3,2
427,1,1,1,1,1,2,2,2,2
428,1,1,1,1,1,2,2,2,2
429,1,1,1,1,1,2,2,2,2
430,1,1,1,1,1,2,2,2,2
431,1,1,1,1,1,2,3,3,2
432,1,1,1,1,1,2,2,2,2
433,1,1,1,1,1,2,2,2,2
434,1,1,1,1,1,2,2,2,2
435,5,5,5,5,5,2,2,2,2
436,1,1,1,1,1,2,3,3,2
437,1,1,1,1,1,2,2,2,2
438,1,1,1,1,1,2,2,2,2
439,5,5,5,5,5,2,2,2,2
440,1,1,1,1,1,2,2,2,2
441,1,1,1,1,1,2,3,3,2
442,1,1,1,1,1,2,2,2,2
443,1,1,1,1,1,2,2,2,2
444,1,1,1,1,1,2,2,2,2
445,1,1,1,1,1,2,2,2,2
446,1,1,1,1,1,2,2,2,2
447,1,1,4,1,1,2,1,3,2
448,1,1,1,1,1,2,2,2,2
449,1,1,1,1,1,2,2,2,2
450,1,1,1,1,1,2,2,2,2
451,1,1,1,1,1,2,2,2,2
452,1,1,1,1,1,2,2,2,2
453,1,1,1,1,1,2,2,2,2
454,1,1,1,1,1,2,2,2,2
455,1,1,1,1,1,2,2,2,2
456,1,1,1,1,1,2,2,2,2
457,1,1,1,1,1,2,2,2,2
458,1,1,1,1,1,2,2,2,2
459,1,1,1,1,1,2,3,3,2
460,1,1,1,1,1,1,3,3,2
461,1,1,1,1,1,2,2,2,2
462,1,1,1,1,1,2,2,2,2
463,5,5,5,5,5,1,3,3,1
464,1,1,1,1,1,2,0,3,1
465,1,1,4,1,1,2,2,2,2
466,1,1,1,1,1,2,2,2,2
467,1,1,1,1,1,2,2,2,2
468,1,1,1,1,1,2,2,2,2
469,1,1,1,1,1,2,2,2,2
470,1,1,1,1,1,2,2,2,2
471,1,1,1,1,1,2,2,2,2
472,1,1,1,1,1,2,2,2,2
473,1,1,1,1,1,2,2,2,2
474,1,1,1,1,1,2,2,2,2
475,1,1,1,1,1,2,3,3,2
476,1,1,1,1,1,2,0,3,1
477,1,1,1,1,1,2,2,2,2
478,1,1,1,1,1,2,2,2,2
479,1,1,1,1,1,2,2,2,2
480,1,1,1,1,1,2,2,2,2
481,1,1,1,1,1,2,2,2,2
482,1,1,1,1,1,2,2,2,2
483,1,1,1,1,1,2,2,2,2
484,1,1,1,1,1,2,2,2,2
485,1,1,4,1,1,2,2,2,2
486,1,1,1,1,1,2,1,3,4
487,5,5,5,5,5,2,3,3,2
488,4,3,4,1,2,1,0,3,4
489,1,1,1,1,1,3,3,3,3
490,1,1,1,1,1,2,1,3,2
491,5,5,5,5,5,2,2,2,2
492,1,1,1,1,1,2,2,2,2
493,1,1,1,1,1,2,0,3,1
494,1,1,1,1,1,2,2,2,2
495,1,1,1,1,1,2,2,2,2
496,1,1,1,1,1,2,2,2,2
497,1,1,1,1,1,2,3,3,2
498,1,1,1,1,1,2,2,2,2
499,1,1,1,1,1,2,2,2,2
500,1,1,1,1,1,2,2,2,2
501,1,1,1,1,1,2,2,2,2
502,1,1,1,1,1,2,2,2,2
503,1,1,1,1,1,2,3,3,2
504,1,1,1,1,1,2,2,2,2
505,1,1,1,1,1,2,2,2,2
506,1,1,1,1,1,2,2,2,2
507,1,1,1,1,1,2,2,2,2
508,1,1,1,1,1,2,2,2,2
509,1,1,1,1,1,2,3,3,2
510,1,1,1,1,1,2,2,2,2
511,1,1,1,1,1,2,2,2,2
512,1,1,1,1,1,2,3,3,2
513,1,1,1,1,1,2,2,2,2
514,1,1,1,1,1,2,2,2,2
515,1,1,1,1,1,2,2,2,2
516,1,1,1,1,1,2,2,2,2
517,1,1,1,1,1,2,1,3,2
518,1,1,1,1,1,2,2,2,2
519,1,1,1,1,1,2,2,2,2
520,1,1,1,1,1,2,2,2,2
521,1,1,1,1,1,2,2,2,2
522,1,1,1,1,1,2,2,2,2
523,1,1,1,1,1,2,2,2,2
524,1,1,1,1,1,2,2,2,2
525,1,1,1,1,1,2,3,3,2
526,1,1,1,1,1,2,3,3,2
527,1,1,1,1,1,2,2,2,2
528,1,1,1,1,1,2,3,3,2
529,1,1,1,1,1,2,2,2,2
530,1,1,1,1,1,2,2,2,2
531,1,1,1,1,1,2,2,2,2
532,1,1,1,1,1,2,2,2,2
533,1,1,1,1,1,2,2,2,2
534,1,1,1,1,1,2,2,2,2
535,1,1,1,1,1,2,3,3,2
536,1,1,1,1,1,2,2,2,2
537,1,1,1,1,1,2,2,2,2
538,1,1,1,1,1,2,3,3,2
539,1,1,1,1,1,2,2,2,2
540,1,1,1,1,1,2,3,3,2
541,1,1,1,1,1,2,3,3,2
542,1,1,1,1,1,2,2,2,2
543,1,1,1,1,1,2,3,3,2
544,1,1,1,1,1,2,2,2,2
545,1,1,1,1,1,2,2,2,2
546,1,1,1,1,1,2,2,2,2
547,1,1,1,1,1,2,2,2,2
548,1,1,1,1,1,2,3,3,3
549,5,5,5,5,5,2,3,3,2
550,1,1,1,1,1,2,2,2,2
551,1,1,1,1,1,2,3,3,2
552,1,1,1,1,1,2,2,2,2
553,1,1,1,1,1,2,2,2,2
554,1,1,1,1,1,2,2,2,2
555,1,1,1,1,1,2,2,2,2
556,1,1,1,1,1,2,0,3,1
557,1,1,1,1,1,2,2,2,2
558,1,1,1,1,1,2,2,2,2
559,1,1,1,1,1,2,2,2,2
560,1,1,1,1,1,2,2,2,2
561,1,1,1,1,1,2,2,2,2
562,1,1,1,1,1,2,2,2,2
563,1,1,1,1,1,2,2,2,2
564,1,1,1,1,1,2,2,2,2
565,1,1,1,1,1,2,2,2,2
566,1,1,1,1,1,2,3,3,2
567,1,1,1,1,1,2,2,2,2
568,1,1,1,1,1,2,3,3,3
569,1,1,1,1,1,2,2,2,2
570,1,1,1,1,1,2,3,3,2
571,1,1,1,1,1,2,2,2,2
572,1,1,1,1,1,2,2,2,2
573,1,1,1,1,1,2,2,2,2
574,1,1,1,1,1,2,3,3,3
575,1,1,1,1,1,2,2,2,2
576,1,1,1,1,1,2,2,2,2
577,1,1,1,1,1,2,2,2,2
578,1,1,1,1,1,2,2,3,2
579,1,1,1,1,1,2,2,2,2
580,1,1,1,1,1,2,2,2,2
581,1,1,1,1,1,2,2,2,2
582,4,4,4,4,4,1,3,3,2
583,1,1,1,1,1,2,2,2,2
584,1,1,1,1,1,2,3,3,2
585,1,1,1,1,1,2,3,3,2
586,1,1,1,1,1,2,3,3,3
587,5,5,5,5,5,2,2,2,2
588,1,1,1,1,1,2,2,2,2
589,1,1,1,1,1,2,2,3,2
590,1,1,1,1,1,2,2,2,2
591,1,1,1,1,1,2,2,2,2
592,1,1,1,1,1,2,3,3,2
593,1,1,1,1,1,2,2,2,2
594,1,1,1,1,1,2,2,2,2
595,1,1,1,1,1,2,2,3,3
596,1,1,1,1,1,2,2,3,2
597,1,1,1,1,1,2,2,2,2
598,1,1,1,1,1,2,2,3,2
599,1,1,1,1,1,2,2,2,2
600,1,1,1,1,1,2,2,2,2
601,4,4,4,4,3,1,1,0,1
602,4,4,3,3,1,1,1,1,0
603,2,2,3,1,1,2,3,3,3
604,3,1,4,4,1,1,1,4,4
605,3,4,3,4,3,2,2,1,0
606,2,2,4,2,4,2,1,1,3
607,3,3,3,3,3,4,4,4,4
608,1,1,1,1,1,2,2,2,1
609,1,1,3,2,1,2,1,4,1
610,2,3,1,2,1,3,3,3,3
611,4,4,3,4,2,2,2,4,4
612,4,4,4,4,4,1,1,4,4
613,2,2,2,3,4,4,4,4,4
614,2,2,4,2,1,2,4,4,4
615,2,2,2,2,2,4,1,4,4
616,3,3,3,3,3,1,4,1,3
617,2,2,2,3,2,4,4,4,4
618,2,1,4,3,1,2,2,4,4
619,1,1,1,1,1,1,1,0,3
620,3,3,1,1,3,4,4,4,4
621,2,2,2,2,2,1,1,1,1
622,2,3,2,3,1,4,0,0,4
623,4,3,2,4,2,1,1,1,4
624,2,2,2,2,1,0,0,0,0
625,1,1,1,1,1,1,1,0,3
626,2,2,1,1,2,4,4,4,4
627,2,2,4,4,4,2,1,4,4
628,4,4,4,4,3,1,4,4,1
629,1,1,2,3,1,2,4,4,4
630,3,2,2,3,3,0,3,0,3
631,2,2,4,2,2,2,0,0,3
632,4,4,4,4,4,0,0,4,0
633,2,2,3,2,2,2,1,1,1
634,1,1,1,1,1,4,3,4,4
635,3,3,3,4,3,1,1,1,4
636,2,2,2,1,1,3,3,3,3
637,2,2,4,2,2,1,1,0,2
638,2,1,2,2,4,1,1,1,0
639,2,2,2,3,3,2,1,1,2
640,2,2,3,3,2,2,4,4,2
641,3,3,3,3,3,1,0,0,0
642,3,4,4,4,3,2,0,0,0
643,2,2,2,2,1,2,0,0,2
644,3,3,3,2,1,1,1,1,1
645,2,2,2,2,1,1,1,1,0
646,1,2,3,2,1,4,0,0,0
647,1,1,2,1,1,0,4,4,4
648,2,2,4,1,1,2,4,4,2
649,1,1,1,1,1,1,1,1,1
650,1,1,1,1,1,4,4,4,2
651,1,1,2,2,1,1,0,0,1
652,1,1,1,1,1,2,2,2,2
653,1,1,1,1,1,2,2,3,2
654,1,1,1,1,1,2,2,2,2
655,1,1,1,1,1,2,3,3,2
656,1,1,1,1,1,2,2,2,2
657,1,1,1,1,1,2,2,2,2
658,1,1,1,1,1,2,3,3,2
659,1,1,1,1,1,2,3,3,2
660,1,1,1,1,1,2,3,3,2
661,1,1,1,1,1,2,3,3,1
662,1,1,1,1,1,2,2,2,2
663,1,1,1,1,1,2,3,3,3
664,1,1,1,1,1,2,2,2,2
665,1,1,1,1,1,2,2,2,2
666,1,1,1,1,1,1,3,3,2
667,1,1,1,1,1,2,3,3,2
668,1,1,1,1,1,2,3,3,2
669,1,1,1,1,1,2,2,2,2
670,1,1,1,1,1,2,2,2,2
671,1,1,1,1,1,2,3,3,1
672,1,1,1,1,1,2,2,2,2
673,1,1,1,1,1,2,2,2,2
674,1,1,1,1,1,2,2,2,2
675,1,1,1,1,1,2,2,2,2
676,1,1,1,1,1,2,3,3,3
677,1,1,1,1,1,2,2,2,2
678,1,1,1,1,1,2,2,2,2
679,1,1,1,1,1,2,3,3,2
680,1,1,1,1,1,2,2,2,2
681,1,1,1,1,1,2,3,3,2
682,1,1,1,1,1,2,2,2,2
683,1,1,1,1,1,2,2,2,2
684,1,1,1,1,1,2,2,2,2
685,1,1,1,1,1,2,2,2,2
686,5,3,5,1,4,2,3,3,2
687,1,1,1,1,1,2,2,3,2
688,1,1,1,1,1,3,3,3,3
689,1,1,1,1,1,2,2,2,2
690,1,1,1,1,1,1,3,3,2
691,1,1,1,1,1,2,2,2,2
692,1,1,1,1,1,2,3,3,2
693,1,1,1,1,1,2,2,2,2
694,1,1,1,1,1,2,2,2,2
695,1,1,1,1,1,2,2,2,2
696,1,1,1,1,1,2,2,2,2
697,1,1,1,1,1,2,3,3,2
698,1,1,1,1,1,1,3,3,2
699,1,1,1,1,1,2,2,2,2
700,1,1,1,1,1,2,2,2,2
701,1,1,1,1,1,2,3,3,3
702,1,1,1,1,1,2,2,2,2
703,1,1,1,1,1,2,2,2,2
